{
    "model": {
      "type": "range_dispatch",
      "property": "custom_model_data",
      "entries": [
        {
          "threshold": 1,
          "model": {
            "type": "model",
            "model": "item/fishing_rod_1"
          }
        },
        {
          "threshold": 2,
          "model": {
            "type": "model",
            "model": "item/fishing_rod_2"
          }
        },
        {
          "threshold": 3,
          "model": {
            "type": "model",
            "model": "item/fishing_rod_3"
          }
        },
        {
          "threshold": 4,
          "model": {
            "type": "model",
            "model": "item/fishing_rod_4"
          }
        },
        {
          "threshold": 5,
          "model": {
            "type": "model",
            "model": "item/fishing_rod_5"
          }
        }
    ],
    "fallback": {
      "type": "model",
      "model": "item/fishing_rod"
    }
  }
}