{
	"credit": "MadewithBlockbench",
	"textures": {
		"0": "elitecreatures:valentines_animated_weapon_and_tool_set_v1/valentine_tex1",
		"1": "elitecreatures:valentines_animated_weapon_and_tool_set_v1/valentine_tex2",
		"2": "elitecreatures:valentines_animated_weapon_and_tool_set_v1/valentine_tex3",
		"3": "elitecreatures:valentines_animated_weapon_and_tool_set_v1/bowfill",
		"4": "elitecreatures:valentines_animated_weapon_and_tool_set_v1/valentine_tex4",
		"5": "elitecreatures:valentines_animated_weapon_and_tool_set_v1/cameralens1",
		"6": "elitecreatures:valentines_animated_weapon_and_tool_set_v1/glassese",
		"7": "elitecreatures:valentines_animated_weapon_and_tool_set_v1/cloudheart",
		"8": "elitecreatures:valentines_animated_weapon_and_tool_set_v1/battery",
		"9": "elitecreatures:valentines_animated_weapon_and_tool_set_v1/heartnitro",
		"particle": "elitecreatures:valentines_animated_weapon_and_tool_set_v1/valentine_tex1"
	},
	"elements": [
		{
			"from": [0, 5, 2],
			"to": [8, 11, 15],
			"rotation": {"angle": 0, "axis": "y", "origin": [8, 5, 14]},
			"faces": {
				"north": {"uv": [4.5, 6.5, 0.5, 9.5], "texture": "#4"},
				"east": {"uv": [4.5, 6.5, 7.5, 0], "rotation": 90, "texture": "#4"},
				"south": {"uv": [0.5, 6.5, 4.5, 9.5], "texture": "#4"},
				"west": {"uv": [4.5, 6.5, 7.5, 0], "rotation": 90, "texture": "#4"},
				"up": {"uv": [4.5, 13, 8.5, 6.5], "texture": "#4"},
				"down": {"uv": [0.5, 0, 4.5, 6.5], "texture": "#4"}
			}
		},
		{
			"from": [15.5, 15.5, 0],
			"to": [19.5, 19.5, 2],
			"rotation": {"angle": -45, "axis": "z", "origin": [8.59847, 18.86205, 8]},
			"faces": {
				"north": {"uv": [16, 9, 14, 11], "texture": "#2"},
				"east": {"uv": [16, 7, 15, 9], "texture": "#2"},
				"south": {"uv": [14, 11, 16, 9], "rotation": 90, "texture": "#2"},
				"west": {"uv": [15, 9, 16, 7], "texture": "#2"},
				"up": {"uv": [14, 15, 16, 14], "rotation": 180, "texture": "#2"},
				"down": {"uv": [16, 14, 14, 15], "rotation": 180, "texture": "#2"}
			}
		},
		{
			"from": [-3.5, 15.5, 0],
			"to": [0.5, 19.5, 2],
			"rotation": {"angle": 45, "axis": "z", "origin": [7.40153, 18.86205, 8]},
			"faces": {
				"north": {"uv": [14, 9, 16, 11], "texture": "#2"},
				"east": {"uv": [16, 9, 15, 7], "texture": "#2"},
				"south": {"uv": [14, 9, 16, 11], "rotation": 90, "texture": "#2"},
				"west": {"uv": [15, 7, 16, 9], "texture": "#2"},
				"up": {"uv": [16, 15, 14, 14], "rotation": 180, "texture": "#2"},
				"down": {"uv": [14, 14, 16, 15], "rotation": 180, "texture": "#2"}
			}
		},
		{
			"from": [15.5, 15.5, 14],
			"to": [19.5, 19.5, 16],
			"rotation": {"angle": -45, "axis": "z", "origin": [8.59847, 18.86205, 8]},
			"faces": {
				"north": {"uv": [14, 9, 16, 11], "rotation": 90, "texture": "#2"},
				"east": {"uv": [15, 7, 16, 9], "texture": "#2"},
				"south": {"uv": [14, 9, 16, 11], "texture": "#2"},
				"west": {"uv": [16, 9, 15, 7], "texture": "#2"},
				"up": {"uv": [14, 14, 16, 15], "rotation": 180, "texture": "#2"},
				"down": {"uv": [16, 15, 14, 14], "rotation": 180, "texture": "#2"}
			}
		},
		{
			"from": [-3.5, 15.5, 14],
			"to": [0.5, 19.5, 16],
			"rotation": {"angle": 45, "axis": "z", "origin": [7.40153, 18.86205, 8]},
			"faces": {
				"north": {"uv": [14, 11, 16, 9], "rotation": 90, "texture": "#2"},
				"east": {"uv": [15, 9, 16, 7], "texture": "#2"},
				"south": {"uv": [16, 9, 14, 11], "texture": "#2"},
				"west": {"uv": [16, 7, 15, 9], "texture": "#2"},
				"up": {"uv": [16, 14, 14, 15], "rotation": 180, "texture": "#2"},
				"down": {"uv": [14, 15, 16, 14], "rotation": 180, "texture": "#2"}
			}
		},
		{
			"from": [12, 11, 2],
			"to": [16, 13, 15],
			"rotation": {"angle": 0, "axis": "y", "origin": [24, 19, 15.5]},
			"faces": {
				"north": {"uv": [9, 15, 7, 16], "texture": "#2"},
				"east": {"uv": [9, 15, 16, 16], "texture": "#2"},
				"south": {"uv": [10.5, 13, 6.5, 15], "texture": "#3"},
				"west": {"uv": [16, 15, 9, 16], "texture": "#2"},
				"up": {"uv": [1, 6.5, 15, 2.5], "rotation": 90, "texture": "#3"},
				"down": {"uv": [13.5, 0, 6.5, 2], "rotation": 270, "texture": "#1"}
			}
		},
		{
			"from": [0, 11, 2],
			"to": [4, 13, 15],
			"rotation": {"angle": 0, "axis": "y", "origin": [24, 19, 15.5]},
			"faces": {
				"north": {"uv": [9, 15, 7, 16], "texture": "#2"},
				"east": {"uv": [9, 15, 16, 16], "texture": "#2"},
				"south": {"uv": [10.5, 13, 6.5, 15], "texture": "#3"},
				"west": {"uv": [16, 15, 9, 16], "texture": "#2"},
				"up": {"uv": [1, 2.5, 15, 6.5], "rotation": 90, "texture": "#3"},
				"down": {"uv": [13.5, 0, 6.5, 2], "rotation": 270, "texture": "#1"}
			}
		},
		{
			"from": [8, 5, 2],
			"to": [16, 11, 15],
			"rotation": {"angle": 0, "axis": "y", "origin": [8, 5, 14]},
			"faces": {
				"north": {"uv": [0.5, 6.5, 4.5, 9.5], "texture": "#4"},
				"east": {"uv": [4.5, 0, 7.5, 6.5], "rotation": 90, "texture": "#4"},
				"south": {"uv": [4.5, 6.5, 0.5, 9.5], "texture": "#4"},
				"west": {"uv": [4.5, 0, 7.5, 6.5], "rotation": 90, "texture": "#4"},
				"up": {"uv": [8.5, 13, 4.5, 6.5], "texture": "#4"},
				"down": {"uv": [4.5, 0, 0.5, 6.5], "texture": "#4"}
			}
		},
		{
			"from": [0, 1, 3],
			"to": [16, 5, 14],
			"rotation": {"angle": 0, "axis": "y", "origin": [16, -11, -6]},
			"faces": {
				"north": {"uv": [14, 0, 16, 8], "rotation": 90, "texture": "#4"},
				"east": {"uv": [8.5, 8, 14, 10], "rotation": 180, "texture": "#4"},
				"south": {"uv": [14, 0, 16, 8], "rotation": 90, "texture": "#4"},
				"west": {"uv": [8.5, 8, 14, 10], "rotation": 180, "texture": "#4"},
				"up": {"uv": [8.5, 0, 14, 8], "rotation": 90, "texture": "#4"},
				"down": {"uv": [8.5, 0, 14, 8], "rotation": 90, "texture": "#4"}
			}
		},
		{
			"from": [0, 1, 2.9],
			"to": [8, 5, 2.9],
			"rotation": {"angle": 0, "axis": "y", "origin": [4.5, 10, 1]},
			"faces": {
				"north": {"uv": [4, 6, 12, 10], "texture": "#6"},
				"east": {"uv": [0, 0, 0, 2], "texture": "#6"},
				"south": {"uv": [12, 6, 4, 10], "texture": "#6"},
				"west": {"uv": [0, 0, 0, 2], "texture": "#6"},
				"up": {"uv": [0, 0, 4, 0], "texture": "#6"},
				"down": {"uv": [0, 0, 4, 0], "texture": "#6"}
			}
		},
		{
			"from": [-14, 3.5, 7],
			"to": [-2, 9.5, 7],
			"rotation": {"angle": 0, "axis": "y", "origin": [16, 0, 0]},
			"faces": {
				"north": {"uv": [0, 0, 12, 6], "texture": "#7"},
				"east": {"uv": [0, 0, 0, 6], "texture": "#7"},
				"south": {"uv": [12, 0, 0, 6], "texture": "#7"},
				"west": {"uv": [0, 0, 0, 6], "texture": "#7"},
				"up": {"uv": [0, 0, 0, 12], "rotation": 90, "texture": "#7"},
				"down": {"uv": [0, 0, 0, 12], "rotation": 270, "texture": "#7"}
			}
		},
		{
			"from": [-0.1, 2.5, 10.5],
			"to": [-0.1, 6.5, 12.5],
			"rotation": {"angle": 0, "axis": "y", "origin": [-13, 7.5, 8]},
			"faces": {
				"north": {"uv": [0, 0, 6, 0], "rotation": 270, "texture": "#8"},
				"east": {"uv": [7.5, 6, 9.5, 10], "texture": "#8"},
				"south": {"uv": [0, 0, 6, 0], "rotation": 270, "texture": "#8"},
				"west": {"uv": [7.5, 10, 9.5, 6], "rotation": 180, "texture": "#8"},
				"up": {"uv": [0, 0, 0, 2], "rotation": 180, "texture": "#8"},
				"down": {"uv": [0, 0, 0, 2], "texture": "#8"}
			}
		},
		{
			"from": [-0.1, 2.5, 4.5],
			"to": [-0.1, 6.5, 6.5],
			"rotation": {"angle": 0, "axis": "y", "origin": [-13, 7.5, 8]},
			"faces": {
				"north": {"uv": [0, 0, 6, 0], "rotation": 270, "texture": "#8"},
				"east": {"uv": [7.5, 6, 9.5, 10], "texture": "#8"},
				"south": {"uv": [0, 0, 6, 0], "rotation": 270, "texture": "#8"},
				"west": {"uv": [7.5, 10, 9.5, 6], "rotation": 180, "texture": "#8"},
				"up": {"uv": [0, 0, 0, 2], "rotation": 180, "texture": "#8"},
				"down": {"uv": [0, 0, 0, 2], "texture": "#8"}
			}
		},
		{
			"from": [-0.1, 2.5, 6.5],
			"to": [-0.1, 6.5, 8.5],
			"rotation": {"angle": 0, "axis": "y", "origin": [-13, 7.5, 8]},
			"faces": {
				"north": {"uv": [0, 0, 6, 0], "rotation": 270, "texture": "#8"},
				"east": {"uv": [7.5, 6, 9.5, 10], "texture": "#8"},
				"south": {"uv": [0, 0, 6, 0], "rotation": 270, "texture": "#8"},
				"west": {"uv": [7.5, 10, 9.5, 6], "rotation": 180, "texture": "#8"},
				"up": {"uv": [0, 0, 0, 2], "rotation": 180, "texture": "#8"},
				"down": {"uv": [0, 0, 0, 2], "texture": "#8"}
			}
		},
		{
			"from": [-0.1, 2.5, 8.5],
			"to": [-0.1, 6.5, 10.5],
			"rotation": {"angle": 0, "axis": "y", "origin": [-13, 7.5, 8]},
			"faces": {
				"north": {"uv": [0, 0, 6, 0], "rotation": 270, "texture": "#8"},
				"east": {"uv": [7.5, 6, 9.5, 10], "texture": "#8"},
				"south": {"uv": [0, 0, 6, 0], "rotation": 270, "texture": "#8"},
				"west": {"uv": [7.5, 10, 9.5, 6], "rotation": 180, "texture": "#8"},
				"up": {"uv": [0, 0, 0, 2], "rotation": 180, "texture": "#8"},
				"down": {"uv": [0, 0, 0, 2], "texture": "#8"}
			}
		},
		{
			"from": [16.1, 2.5, 10.5],
			"to": [16.1, 6.5, 12.5],
			"rotation": {"angle": 0, "axis": "y", "origin": [29, 7.5, 8]},
			"faces": {
				"north": {"uv": [0, 0, 6, 0], "rotation": 270, "texture": "#8"},
				"east": {"uv": [9.5, 10, 7.5, 6], "rotation": 180, "texture": "#8"},
				"south": {"uv": [0, 0, 6, 0], "rotation": 270, "texture": "#8"},
				"west": {"uv": [9.5, 6, 7.5, 10], "texture": "#8"},
				"up": {"uv": [0, 0, 0, 2], "rotation": 180, "texture": "#8"},
				"down": {"uv": [0, 0, 0, 2], "texture": "#8"}
			}
		},
		{
			"from": [16.1, 2.5, 4.5],
			"to": [16.1, 6.5, 6.5],
			"rotation": {"angle": 0, "axis": "y", "origin": [29, 7.5, 8]},
			"faces": {
				"north": {"uv": [0, 0, 6, 0], "rotation": 270, "texture": "#8"},
				"east": {"uv": [9.5, 10, 7.5, 6], "rotation": 180, "texture": "#8"},
				"south": {"uv": [0, 0, 6, 0], "rotation": 270, "texture": "#8"},
				"west": {"uv": [9.5, 6, 7.5, 10], "texture": "#8"},
				"up": {"uv": [0, 0, 0, 2], "rotation": 180, "texture": "#8"},
				"down": {"uv": [0, 0, 0, 2], "texture": "#8"}
			}
		},
		{
			"from": [16.1, 2.5, 6.5],
			"to": [16.1, 6.5, 8.5],
			"rotation": {"angle": 0, "axis": "y", "origin": [29, 7.5, 8]},
			"faces": {
				"north": {"uv": [0, 0, 6, 0], "rotation": 270, "texture": "#8"},
				"east": {"uv": [9.5, 10, 7.5, 6], "rotation": 180, "texture": "#8"},
				"south": {"uv": [0, 0, 6, 0], "rotation": 270, "texture": "#8"},
				"west": {"uv": [9.5, 6, 7.5, 10], "texture": "#8"},
				"up": {"uv": [0, 0, 0, 2], "rotation": 180, "texture": "#8"},
				"down": {"uv": [0, 0, 0, 2], "texture": "#8"}
			}
		},
		{
			"from": [16.1, 2.5, 8.5],
			"to": [16.1, 6.5, 10.5],
			"rotation": {"angle": 0, "axis": "y", "origin": [29, 7.5, 8]},
			"faces": {
				"north": {"uv": [0, 0, 6, 0], "rotation": 270, "texture": "#8"},
				"east": {"uv": [9.5, 10, 7.5, 6], "rotation": 180, "texture": "#8"},
				"south": {"uv": [0, 0, 6, 0], "rotation": 270, "texture": "#8"},
				"west": {"uv": [9.5, 6, 7.5, 10], "texture": "#8"},
				"up": {"uv": [0, 0, 0, 2], "rotation": 180, "texture": "#8"},
				"down": {"uv": [0, 0, 0, 2], "texture": "#8"}
			}
		},
		{
			"from": [18, 3.5, 7],
			"to": [30, 9.5, 7],
			"faces": {
				"north": {"uv": [12, 0, 0, 6], "texture": "#7"},
				"east": {"uv": [0, 0, 0, 6], "texture": "#7"},
				"south": {"uv": [0, 0, 12, 6], "texture": "#7"},
				"west": {"uv": [0, 0, 0, 6], "texture": "#7"},
				"up": {"uv": [0, 12, 0, 0], "rotation": 90, "texture": "#7"},
				"down": {"uv": [0, 12, 0, 0], "rotation": 270, "texture": "#7"}
			}
		},
		{
			"from": [8, 1, 2.9],
			"to": [16, 5, 2.9],
			"rotation": {"angle": 0, "axis": "y", "origin": [11.5, 10, 1]},
			"faces": {
				"north": {"uv": [12, 6, 4, 10], "texture": "#6"},
				"east": {"uv": [0, 0, 0, 2], "texture": "#6"},
				"south": {"uv": [4, 6, 12, 10], "texture": "#6"},
				"west": {"uv": [0, 0, 0, 2], "texture": "#6"},
				"up": {"uv": [4, 0, 0, 0], "texture": "#6"},
				"down": {"uv": [4, 0, 0, 0], "texture": "#6"}
			}
		},
		{
			"from": [8, 0, 1.5],
			"to": [16.5, 1, 15.5],
			"rotation": {"angle": 0, "axis": "y", "origin": [16, -11, -6]},
			"faces": {
				"north": {"uv": [8.5, 11.75, 9, 16], "rotation": 90, "texture": "#4"},
				"east": {"uv": [9, 11.25, 16, 11.75], "texture": "#4"},
				"south": {"uv": [0, 12, 4.25, 12.5], "texture": "#4"},
				"west": {"uv": [9, 11.25, 16, 11.75], "texture": "#4"},
				"up": {"uv": [9, 11.75, 16, 16], "rotation": 270, "texture": "#4"},
				"down": {"uv": [9, 11.75, 16, 16], "rotation": 270, "texture": "#4"}
			}
		},
		{
			"from": [-0.5, 0, 1.5],
			"to": [8, 1, 15.5],
			"rotation": {"angle": 0, "axis": "y", "origin": [0, -11, -6]},
			"faces": {
				"north": {"uv": [8.5, 16, 9, 11.75], "rotation": 90, "texture": "#4"},
				"east": {"uv": [16, 11.25, 9, 11.75], "texture": "#4"},
				"south": {"uv": [4.25, 12, 0, 12.5], "texture": "#4"},
				"west": {"uv": [16, 11.25, 9, 11.75], "texture": "#4"},
				"up": {"uv": [9, 16, 16, 11.75], "rotation": 270, "texture": "#4"},
				"down": {"uv": [9, 16, 16, 11.75], "rotation": 270, "texture": "#4"}
			}
		},
		{
			"from": [-2, 4, 5.5],
			"to": [-1, 9, 11.5],
			"rotation": {"angle": 0, "axis": "y", "origin": [15, -5, 16.5]},
			"faces": {
				"north": {"uv": [10, 9, 10.5, 11.5], "texture": "#1"},
				"east": {"uv": [5.5, 7, 8.5, 9.5], "texture": "#1"},
				"south": {"uv": [10.5, 9, 10, 11.5], "texture": "#1"},
				"west": {"uv": [5.5, 7, 8.5, 9.5], "texture": "#1"},
				"up": {"uv": [7, 9.5, 4, 10], "rotation": 90, "texture": "#1"},
				"down": {"uv": [7, 10, 4, 9.5], "rotation": 270, "texture": "#1"}
			}
		},
		{
			"from": [-3, 5, 6.5],
			"to": [-2, 8, 10.5],
			"rotation": {"angle": 0, "axis": "y", "origin": [15, -5, 16.5]},
			"faces": {
				"north": {"uv": [10, 10, 9.5, 11.5], "texture": "#1"},
				"east": {"uv": [7.5, 10, 9.5, 11.5], "texture": "#1"},
				"south": {"uv": [9.5, 10, 10, 11.5], "texture": "#1"},
				"west": {"uv": [7.5, 10, 9.5, 11.5], "texture": "#1"},
				"up": {"uv": [9.5, 10, 7.5, 9.5], "rotation": 90, "texture": "#1"},
				"down": {"uv": [9.5, 9.5, 7.5, 10], "rotation": 270, "texture": "#1"}
			}
		},
		{
			"from": [-1, 4, 4.5],
			"to": [0, 13, 12.5],
			"rotation": {"angle": 0, "axis": "y", "origin": [15, -5, 16.5]},
			"faces": {
				"north": {"uv": [9, 5, 9.5, 9.5], "texture": "#1"},
				"east": {"uv": [10, 0, 14, 4.5], "texture": "#1"},
				"south": {"uv": [8.5, 5, 9, 9.5], "texture": "#1"},
				"west": {"uv": [10, 4.5, 14, 9], "texture": "#1"},
				"up": {"uv": [10.5, 16, 6.5, 15.5], "rotation": 90, "texture": "#1"},
				"down": {"uv": [14.5, 16, 10.5, 15.5], "rotation": 270, "texture": "#1"}
			}
		},
		{
			"from": [-2.5, 8, 8.3],
			"to": [-1.5, 10, 9.3],
			"rotation": {"angle": 0, "axis": "y", "origin": [8.5, 18.6, 16.8]},
			"faces": {
				"north": {"uv": [1, 8, 2, 7.5], "rotation": 90, "texture": "#0"},
				"east": {"uv": [5.5, 4, 6.5, 4.5], "rotation": 90, "texture": "#0"},
				"south": {"uv": [1, 7.5, 2, 8], "rotation": 90, "texture": "#0"},
				"west": {"uv": [5.5, 4.5, 6.5, 5], "rotation": 90, "texture": "#0"},
				"up": {"uv": [5.5, 3.5, 6, 4], "rotation": 270, "texture": "#0"},
				"down": {"uv": [5.5, 3.5, 6, 4], "rotation": 270, "texture": "#0"}
			}
		},
		{
			"from": [-2.7, 9.8, 8.4],
			"to": [-1.7, 10.8, 9.2],
			"rotation": {"angle": -22.5, "axis": "z", "origin": [-2, 9.5, 8.8]},
			"faces": {
				"north": {"uv": [5.5, 2, 5, 2.5], "texture": "#0"},
				"east": {"uv": [5, 1.5, 5.5, 2], "texture": "#0"},
				"south": {"uv": [5, 2, 5.5, 2.5], "texture": "#0"},
				"west": {"uv": [5, 1, 5.5, 1.5], "texture": "#0"},
				"up": {"uv": [5, 2.5, 5.5, 3], "rotation": 180, "texture": "#0"},
				"down": {"uv": [5, 3, 5.5, 3.5], "rotation": 180, "texture": "#0"}
			}
		},
		{
			"from": [-3.1, 10.4, 8.5],
			"to": [-2.1, 11.4, 9.1],
			"rotation": {"angle": -45, "axis": "z", "origin": [-2, 9.5, 8.8]},
			"faces": {
				"north": {"uv": [5.5, 4, 5, 4.5], "texture": "#0"},
				"east": {"uv": [5, 3.5, 5.25, 4], "texture": "#0"},
				"south": {"uv": [5, 4, 5.5, 4.5], "texture": "#0"},
				"west": {"uv": [5.25, 3.5, 5.5, 4], "texture": "#0"},
				"up": {"uv": [5, 4.5, 5.5, 4.75], "rotation": 180, "texture": "#0"},
				"down": {"uv": [5, 4.75, 5.5, 5], "rotation": 180, "texture": "#0"}
			}
		},
		{
			"from": [-0.7, 10.2, 8.3],
			"to": [0.3, 11.2, 9.3],
			"rotation": {"angle": 22.5, "axis": "z", "origin": [-2, 9.5, 8.8]},
			"faces": {
				"north": {"uv": [4, 4.5, 4.5, 4], "rotation": 90, "texture": "#0"},
				"east": {"uv": [4.5, 4, 5, 4.5], "rotation": 270, "texture": "#0"},
				"south": {"uv": [4, 4, 4.5, 4.5], "rotation": 90, "texture": "#0"},
				"west": {"uv": [4.5, 4, 5, 4.5], "rotation": 270, "texture": "#0"},
				"up": {"uv": [4.5, 4.5, 5, 5], "rotation": 90, "texture": "#0"},
				"down": {"uv": [4, 4.5, 4.5, 5], "rotation": 270, "texture": "#0"}
			}
		},
		{
			"from": [-2.5, 8, 10.7],
			"to": [-1.5, 10, 11.7],
			"rotation": {"angle": 0, "axis": "y", "origin": [8.5, 18.6, 19.2]},
			"faces": {
				"north": {"uv": [1, 8, 2, 7.5], "rotation": 90, "texture": "#0"},
				"east": {"uv": [5.5, 4, 6.5, 4.5], "rotation": 90, "texture": "#0"},
				"south": {"uv": [1, 7.5, 2, 8], "rotation": 90, "texture": "#0"},
				"west": {"uv": [5.5, 4.5, 6.5, 5], "rotation": 90, "texture": "#0"},
				"up": {"uv": [5.5, 3.5, 6, 4], "rotation": 270, "texture": "#0"},
				"down": {"uv": [5.5, 3.5, 6, 4], "rotation": 270, "texture": "#0"}
			}
		},
		{
			"from": [-2.7, 9.8, 10.8],
			"to": [-1.7, 10.8, 11.6],
			"rotation": {"angle": -22.5, "axis": "z", "origin": [-2, 9.5, 11.2]},
			"faces": {
				"north": {"uv": [5.5, 2, 5, 2.5], "texture": "#0"},
				"east": {"uv": [5, 1.5, 5.5, 2], "texture": "#0"},
				"south": {"uv": [5, 2, 5.5, 2.5], "texture": "#0"},
				"west": {"uv": [5, 1, 5.5, 1.5], "texture": "#0"},
				"up": {"uv": [5, 2.5, 5.5, 3], "rotation": 180, "texture": "#0"},
				"down": {"uv": [5, 3, 5.5, 3.5], "rotation": 180, "texture": "#0"}
			}
		},
		{
			"from": [-3.1, 10.4, 10.9],
			"to": [-2.1, 11.4, 11.5],
			"rotation": {"angle": -45, "axis": "z", "origin": [-2, 9.5, 11.2]},
			"faces": {
				"north": {"uv": [5.5, 4, 5, 4.5], "texture": "#0"},
				"east": {"uv": [5, 3.5, 5.25, 4], "texture": "#0"},
				"south": {"uv": [5, 4, 5.5, 4.5], "texture": "#0"},
				"west": {"uv": [5.25, 3.5, 5.5, 4], "texture": "#0"},
				"up": {"uv": [5, 4.5, 5.5, 4.75], "rotation": 180, "texture": "#0"},
				"down": {"uv": [5, 4.75, 5.5, 5], "rotation": 180, "texture": "#0"}
			}
		},
		{
			"from": [-0.7, 10.2, 10.7],
			"to": [0.3, 11.2, 11.7],
			"rotation": {"angle": 22.5, "axis": "z", "origin": [-2, 9.5, 11.2]},
			"faces": {
				"north": {"uv": [4, 4.5, 4.5, 4], "rotation": 90, "texture": "#0"},
				"east": {"uv": [4.5, 4, 5, 4.5], "rotation": 270, "texture": "#0"},
				"south": {"uv": [4, 4, 4.5, 4.5], "rotation": 90, "texture": "#0"},
				"west": {"uv": [4.5, 4, 5, 4.5], "rotation": 270, "texture": "#0"},
				"up": {"uv": [4.5, 4.5, 5, 5], "rotation": 90, "texture": "#0"},
				"down": {"uv": [4, 4.5, 4.5, 5], "rotation": 270, "texture": "#0"}
			}
		},
		{
			"from": [-2.5, 8, 5.7],
			"to": [-1.5, 10, 6.7],
			"rotation": {"angle": 0, "axis": "y", "origin": [8.5, 18.6, 14.2]},
			"faces": {
				"north": {"uv": [1, 8, 2, 7.5], "rotation": 90, "texture": "#0"},
				"east": {"uv": [5.5, 4, 6.5, 4.5], "rotation": 90, "texture": "#0"},
				"south": {"uv": [1, 7.5, 2, 8], "rotation": 90, "texture": "#0"},
				"west": {"uv": [5.5, 4.5, 6.5, 5], "rotation": 90, "texture": "#0"},
				"up": {"uv": [5.5, 3.5, 6, 4], "rotation": 270, "texture": "#0"},
				"down": {"uv": [5.5, 3.5, 6, 4], "rotation": 270, "texture": "#0"}
			}
		},
		{
			"from": [-2.7, 9.8, 5.8],
			"to": [-1.7, 10.8, 6.6],
			"rotation": {"angle": -22.5, "axis": "z", "origin": [-2, 9.5, 6.2]},
			"faces": {
				"north": {"uv": [5.5, 2, 5, 2.5], "texture": "#0"},
				"east": {"uv": [5, 1.5, 5.5, 2], "texture": "#0"},
				"south": {"uv": [5, 2, 5.5, 2.5], "texture": "#0"},
				"west": {"uv": [5, 1, 5.5, 1.5], "texture": "#0"},
				"up": {"uv": [5, 2.5, 5.5, 3], "rotation": 180, "texture": "#0"},
				"down": {"uv": [5, 3, 5.5, 3.5], "rotation": 180, "texture": "#0"}
			}
		},
		{
			"from": [-3.1, 10.4, 5.9],
			"to": [-2.1, 11.4, 6.5],
			"rotation": {"angle": -45, "axis": "z", "origin": [-2, 9.5, 6.2]},
			"faces": {
				"north": {"uv": [5.5, 4, 5, 4.5], "texture": "#0"},
				"east": {"uv": [5, 3.5, 5.25, 4], "texture": "#0"},
				"south": {"uv": [5, 4, 5.5, 4.5], "texture": "#0"},
				"west": {"uv": [5.25, 3.5, 5.5, 4], "texture": "#0"},
				"up": {"uv": [5, 4.5, 5.5, 4.75], "rotation": 180, "texture": "#0"},
				"down": {"uv": [5, 4.75, 5.5, 5], "rotation": 180, "texture": "#0"}
			}
		},
		{
			"from": [-0.7, 10.2, 5.7],
			"to": [0.3, 11.2, 6.7],
			"rotation": {"angle": 22.5, "axis": "z", "origin": [-2, 9.5, 6.2]},
			"faces": {
				"north": {"uv": [4, 4.5, 4.5, 4], "rotation": 90, "texture": "#0"},
				"east": {"uv": [4.5, 4, 5, 4.5], "rotation": 270, "texture": "#0"},
				"south": {"uv": [4, 4, 4.5, 4.5], "rotation": 90, "texture": "#0"},
				"west": {"uv": [4.5, 4, 5, 4.5], "rotation": 270, "texture": "#0"},
				"up": {"uv": [4.5, 4.5, 5, 5], "rotation": 90, "texture": "#0"},
				"down": {"uv": [4, 4.5, 4.5, 5], "rotation": 270, "texture": "#0"}
			}
		},
		{
			"from": [17, 4, 5.5],
			"to": [18, 9, 11.5],
			"rotation": {"angle": 0, "axis": "y", "origin": [1, -5, 16.5]},
			"faces": {
				"north": {"uv": [10.5, 9, 10, 11.5], "texture": "#1"},
				"east": {"uv": [8.5, 7, 5.5, 9.5], "texture": "#1"},
				"south": {"uv": [10, 9, 10.5, 11.5], "texture": "#1"},
				"west": {"uv": [8.5, 7, 5.5, 9.5], "texture": "#1"},
				"up": {"uv": [7, 10, 4, 9.5], "rotation": 90, "texture": "#1"},
				"down": {"uv": [7, 9.5, 4, 10], "rotation": 270, "texture": "#1"}
			}
		},
		{
			"from": [18, 5, 6.5],
			"to": [19, 8, 10.5],
			"rotation": {"angle": 0, "axis": "y", "origin": [1, -5, 16.5]},
			"faces": {
				"north": {"uv": [9.5, 10, 10, 11.5], "texture": "#1"},
				"east": {"uv": [9.5, 10, 7.5, 11.5], "texture": "#1"},
				"south": {"uv": [10, 10, 9.5, 11.5], "texture": "#1"},
				"west": {"uv": [9.5, 10, 7.5, 11.5], "texture": "#1"},
				"up": {"uv": [9.5, 9.5, 7.5, 10], "rotation": 90, "texture": "#1"},
				"down": {"uv": [9.5, 10, 7.5, 9.5], "rotation": 270, "texture": "#1"}
			}
		},
		{
			"from": [16, 4, 4.5],
			"to": [17, 13, 12.5],
			"rotation": {"angle": 0, "axis": "y", "origin": [1, -5, 16.5]},
			"faces": {
				"north": {"uv": [9.5, 5, 9, 9.5], "texture": "#1"},
				"east": {"uv": [14, 4.5, 10, 9], "texture": "#1"},
				"south": {"uv": [9, 5, 8.5, 9.5], "texture": "#1"},
				"west": {"uv": [14, 0, 10, 4.5], "texture": "#1"},
				"up": {"uv": [10.5, 15.5, 6.5, 16], "rotation": 90, "texture": "#1"},
				"down": {"uv": [14.5, 15.5, 10.5, 16], "rotation": 270, "texture": "#1"}
			}
		},
		{
			"from": [17.5, 8, 8.3],
			"to": [18.5, 10, 9.3],
			"rotation": {"angle": 0, "axis": "y", "origin": [7.5, 18.6, 16.8]},
			"faces": {
				"north": {"uv": [1, 7.5, 2, 8], "rotation": 90, "texture": "#0"},
				"east": {"uv": [5.5, 5, 6.5, 4.5], "rotation": 90, "texture": "#0"},
				"south": {"uv": [1, 8, 2, 7.5], "rotation": 90, "texture": "#0"},
				"west": {"uv": [5.5, 4.5, 6.5, 4], "rotation": 90, "texture": "#0"},
				"up": {"uv": [5.5, 4, 6, 3.5], "rotation": 270, "texture": "#0"},
				"down": {"uv": [5.5, 4, 6, 3.5], "rotation": 270, "texture": "#0"}
			}
		},
		{
			"from": [17.7, 9.8, 8.4],
			"to": [18.7, 10.8, 9.2],
			"rotation": {"angle": 22.5, "axis": "z", "origin": [18, 9.5, 8.8]},
			"faces": {
				"north": {"uv": [5, 2, 5.5, 2.5], "texture": "#0"},
				"east": {"uv": [5.5, 1, 5, 1.5], "texture": "#0"},
				"south": {"uv": [5.5, 2, 5, 2.5], "texture": "#0"},
				"west": {"uv": [5.5, 1.5, 5, 2], "texture": "#0"},
				"up": {"uv": [5.5, 2.5, 5, 3], "rotation": 180, "texture": "#0"},
				"down": {"uv": [5.5, 3, 5, 3.5], "rotation": 180, "texture": "#0"}
			}
		},
		{
			"from": [18.1, 10.4, 8.5],
			"to": [19.1, 11.4, 9.1],
			"rotation": {"angle": 45, "axis": "z", "origin": [18, 9.5, 8.8]},
			"faces": {
				"north": {"uv": [5, 4, 5.5, 4.5], "texture": "#0"},
				"east": {"uv": [5.5, 3.5, 5.25, 4], "texture": "#0"},
				"south": {"uv": [5.5, 4, 5, 4.5], "texture": "#0"},
				"west": {"uv": [5.25, 3.5, 5, 4], "texture": "#0"},
				"up": {"uv": [5.5, 4.5, 5, 4.75], "rotation": 180, "texture": "#0"},
				"down": {"uv": [5.5, 4.75, 5, 5], "rotation": 180, "texture": "#0"}
			}
		},
		{
			"from": [15.7, 10.2, 8.3],
			"to": [16.7, 11.2, 9.3],
			"rotation": {"angle": -22.5, "axis": "z", "origin": [18, 9.5, 8.8]},
			"faces": {
				"north": {"uv": [4, 4, 4.5, 4.5], "rotation": 90, "texture": "#0"},
				"east": {"uv": [4.5, 4.5, 5, 4], "rotation": 270, "texture": "#0"},
				"south": {"uv": [4, 4.5, 4.5, 4], "rotation": 90, "texture": "#0"},
				"west": {"uv": [4.5, 4.5, 5, 4], "rotation": 270, "texture": "#0"},
				"up": {"uv": [4.5, 5, 5, 4.5], "rotation": 90, "texture": "#0"},
				"down": {"uv": [4, 5, 4.5, 4.5], "rotation": 270, "texture": "#0"}
			}
		},
		{
			"from": [17.5, 8, 10.7],
			"to": [18.5, 10, 11.7],
			"rotation": {"angle": 0, "axis": "y", "origin": [7.5, 18.6, 19.2]},
			"faces": {
				"north": {"uv": [1, 7.5, 2, 8], "rotation": 90, "texture": "#0"},
				"east": {"uv": [5.5, 5, 6.5, 4.5], "rotation": 90, "texture": "#0"},
				"south": {"uv": [1, 8, 2, 7.5], "rotation": 90, "texture": "#0"},
				"west": {"uv": [5.5, 4.5, 6.5, 4], "rotation": 90, "texture": "#0"},
				"up": {"uv": [5.5, 4, 6, 3.5], "rotation": 270, "texture": "#0"},
				"down": {"uv": [5.5, 4, 6, 3.5], "rotation": 270, "texture": "#0"}
			}
		},
		{
			"from": [17.7, 9.8, 10.8],
			"to": [18.7, 10.8, 11.6],
			"rotation": {"angle": 22.5, "axis": "z", "origin": [18, 9.5, 11.2]},
			"faces": {
				"north": {"uv": [5, 2, 5.5, 2.5], "texture": "#0"},
				"east": {"uv": [5.5, 1, 5, 1.5], "texture": "#0"},
				"south": {"uv": [5.5, 2, 5, 2.5], "texture": "#0"},
				"west": {"uv": [5.5, 1.5, 5, 2], "texture": "#0"},
				"up": {"uv": [5.5, 2.5, 5, 3], "rotation": 180, "texture": "#0"},
				"down": {"uv": [5.5, 3, 5, 3.5], "rotation": 180, "texture": "#0"}
			}
		},
		{
			"from": [18.1, 10.4, 10.9],
			"to": [19.1, 11.4, 11.5],
			"rotation": {"angle": 45, "axis": "z", "origin": [18, 9.5, 11.2]},
			"faces": {
				"north": {"uv": [5, 4, 5.5, 4.5], "texture": "#0"},
				"east": {"uv": [5.5, 3.5, 5.25, 4], "texture": "#0"},
				"south": {"uv": [5.5, 4, 5, 4.5], "texture": "#0"},
				"west": {"uv": [5.25, 3.5, 5, 4], "texture": "#0"},
				"up": {"uv": [5.5, 4.5, 5, 4.75], "rotation": 180, "texture": "#0"},
				"down": {"uv": [5.5, 4.75, 5, 5], "rotation": 180, "texture": "#0"}
			}
		},
		{
			"from": [15.7, 10.2, 10.7],
			"to": [16.7, 11.2, 11.7],
			"rotation": {"angle": -22.5, "axis": "z", "origin": [18, 9.5, 11.2]},
			"faces": {
				"north": {"uv": [4, 4, 4.5, 4.5], "rotation": 90, "texture": "#0"},
				"east": {"uv": [4.5, 4.5, 5, 4], "rotation": 270, "texture": "#0"},
				"south": {"uv": [4, 4.5, 4.5, 4], "rotation": 90, "texture": "#0"},
				"west": {"uv": [4.5, 4.5, 5, 4], "rotation": 270, "texture": "#0"},
				"up": {"uv": [4.5, 5, 5, 4.5], "rotation": 90, "texture": "#0"},
				"down": {"uv": [4, 5, 4.5, 4.5], "rotation": 270, "texture": "#0"}
			}
		},
		{
			"from": [17.5, 8, 5.7],
			"to": [18.5, 10, 6.7],
			"rotation": {"angle": 0, "axis": "y", "origin": [7.5, 18.6, 14.2]},
			"faces": {
				"north": {"uv": [1, 7.5, 2, 8], "rotation": 90, "texture": "#0"},
				"east": {"uv": [5.5, 5, 6.5, 4.5], "rotation": 90, "texture": "#0"},
				"south": {"uv": [1, 8, 2, 7.5], "rotation": 90, "texture": "#0"},
				"west": {"uv": [5.5, 4.5, 6.5, 4], "rotation": 90, "texture": "#0"},
				"up": {"uv": [5.5, 4, 6, 3.5], "rotation": 270, "texture": "#0"},
				"down": {"uv": [5.5, 4, 6, 3.5], "rotation": 270, "texture": "#0"}
			}
		},
		{
			"from": [17.7, 9.8, 5.8],
			"to": [18.7, 10.8, 6.6],
			"rotation": {"angle": 22.5, "axis": "z", "origin": [18, 9.5, 6.2]},
			"faces": {
				"north": {"uv": [5, 2, 5.5, 2.5], "texture": "#0"},
				"east": {"uv": [5.5, 1, 5, 1.5], "texture": "#0"},
				"south": {"uv": [5.5, 2, 5, 2.5], "texture": "#0"},
				"west": {"uv": [5.5, 1.5, 5, 2], "texture": "#0"},
				"up": {"uv": [5.5, 2.5, 5, 3], "rotation": 180, "texture": "#0"},
				"down": {"uv": [5.5, 3, 5, 3.5], "rotation": 180, "texture": "#0"}
			}
		},
		{
			"from": [18.1, 10.4, 5.9],
			"to": [19.1, 11.4, 6.5],
			"rotation": {"angle": 45, "axis": "z", "origin": [18, 9.5, 6.2]},
			"faces": {
				"north": {"uv": [5, 4, 5.5, 4.5], "texture": "#0"},
				"east": {"uv": [5.5, 3.5, 5.25, 4], "texture": "#0"},
				"south": {"uv": [5.5, 4, 5, 4.5], "texture": "#0"},
				"west": {"uv": [5.25, 3.5, 5, 4], "texture": "#0"},
				"up": {"uv": [5.5, 4.5, 5, 4.75], "rotation": 180, "texture": "#0"},
				"down": {"uv": [5.5, 4.75, 5, 5], "rotation": 180, "texture": "#0"}
			}
		},
		{
			"from": [15.7, 10.2, 5.7],
			"to": [16.7, 11.2, 6.7],
			"rotation": {"angle": -22.5, "axis": "z", "origin": [18, 9.5, 6.2]},
			"faces": {
				"north": {"uv": [4, 4, 4.5, 4.5], "rotation": 90, "texture": "#0"},
				"east": {"uv": [4.5, 4.5, 5, 4], "rotation": 270, "texture": "#0"},
				"south": {"uv": [4, 4.5, 4.5, 4], "rotation": 90, "texture": "#0"},
				"west": {"uv": [4.5, 4.5, 5, 4], "rotation": 270, "texture": "#0"},
				"up": {"uv": [4.5, 5, 5, 4.5], "rotation": 90, "texture": "#0"},
				"down": {"uv": [4, 5, 4.5, 4.5], "rotation": 270, "texture": "#0"}
			}
		},
		{
			"from": [11, 13.95314, 5.5],
			"to": [12, 14.95314, 10.5],
			"rotation": {"angle": 0, "axis": "y", "origin": [8, 12.47657, 8]},
			"faces": {
				"north": {"uv": [6.25, 9.5, 7.25, 10], "rotation": 180, "texture": "#2"},
				"east": {"uv": [6.5, 10.5, 7, 13], "rotation": 270, "texture": "#2"},
				"south": {"uv": [6.25, 9.5, 7.25, 10], "rotation": 180, "texture": "#2"},
				"west": {"uv": [11, 7.5, 11.5, 10], "rotation": 90, "texture": "#2"},
				"up": {"uv": [9.5, 6.5, 12, 7], "rotation": 270, "texture": "#2"},
				"down": {"uv": [9.5, 7, 12, 6.5], "rotation": 90, "texture": "#2"}
			}
		},
		{
			"from": [5, 10.95314, 5.5],
			"to": [11, 13.95314, 10.5],
			"rotation": {"angle": 0, "axis": "y", "origin": [8, 12.47657, 8]},
			"faces": {
				"north": {"uv": [7.5, 10, 9, 13], "rotation": 90, "texture": "#2"},
				"east": {"uv": [9, 10, 10.5, 12.5], "rotation": 270, "texture": "#2"},
				"south": {"uv": [7.5, 10, 9, 13], "rotation": 90, "texture": "#2"},
				"west": {"uv": [10.5, 10, 9, 12.5], "rotation": 90, "texture": "#2"},
				"up": {"uv": [12, 6.5, 15, 9], "rotation": 180, "texture": "#2"},
				"down": {"uv": [7.5, 7.5, 10.5, 10], "texture": "#2"}
			}
		},
		{
			"from": [5, 13.95314, 4.5],
			"to": [11, 14.95314, 5.5],
			"rotation": {"angle": 0, "axis": "y", "origin": [8, 12.47657, 8]},
			"faces": {
				"north": {"uv": [10.5, 10.5, 11, 7.5], "rotation": 90, "texture": "#2"},
				"east": {"uv": [7.5, 13.5, 8, 13], "rotation": 270, "texture": "#2"},
				"south": {"uv": [10.5, 13.5, 11, 10.5], "rotation": 90, "texture": "#2"},
				"west": {"uv": [7.5, 13.5, 8, 13], "rotation": 90, "texture": "#2"},
				"up": {"uv": [7.5, 10.5, 7, 13.5], "rotation": 270, "texture": "#2"},
				"down": {"uv": [7.5, 10.5, 7, 13.5], "rotation": 90, "texture": "#2"}
			}
		},
		{
			"from": [4, 13.95314, 5.5],
			"to": [5, 14.95314, 10.5],
			"rotation": {"angle": 0, "axis": "y", "origin": [8, 12.47657, 8]},
			"faces": {
				"north": {"uv": [7.25, 9.5, 6.25, 10], "rotation": 180, "texture": "#2"},
				"east": {"uv": [12, 7.5, 11.5, 10], "rotation": 270, "texture": "#2"},
				"south": {"uv": [7.25, 9.5, 6.25, 10], "rotation": 180, "texture": "#2"},
				"west": {"uv": [7, 10.5, 6.5, 13], "rotation": 90, "texture": "#2"},
				"up": {"uv": [9.5, 7, 12, 6.5], "rotation": 270, "texture": "#2"},
				"down": {"uv": [9.5, 6.5, 12, 7], "rotation": 90, "texture": "#2"}
			}
		},
		{
			"from": [5, 13.95314, 10.5],
			"to": [11, 14.95314, 11.5],
			"rotation": {"angle": 0, "axis": "y", "origin": [8, 12.47657, 8]},
			"faces": {
				"north": {"uv": [10.5, 10.5, 11, 13.5], "rotation": 90, "texture": "#2"},
				"east": {"uv": [7.5, 13, 8, 13.5], "rotation": 270, "texture": "#2"},
				"south": {"uv": [10.5, 7.5, 11, 10.5], "rotation": 90, "texture": "#2"},
				"west": {"uv": [7.5, 13, 8, 13.5], "rotation": 90, "texture": "#2"},
				"up": {"uv": [7, 10.5, 7.5, 13.5], "rotation": 270, "texture": "#2"},
				"down": {"uv": [7, 10.5, 7.5, 13.5], "rotation": 90, "texture": "#2"}
			}
		},
		{
			"from": [3.89812, 13.5, 6.24874],
			"to": [4.89812, 15.5, 7.24874],
			"rotation": {"angle": 0, "axis": "y", "origin": [8, 12.47657, 8]},
			"faces": {
				"north": {"uv": [1, 7.5, 2, 8], "rotation": 270, "texture": "#0"},
				"east": {"uv": [5.5, 4, 6.5, 4.5], "rotation": 270, "texture": "#0"},
				"south": {"uv": [1, 8, 2, 7.5], "rotation": 270, "texture": "#0"},
				"west": {"uv": [5.5, 4.5, 6.5, 5], "rotation": 270, "texture": "#0"},
				"up": {"uv": [5.5, 3.5, 6, 4], "rotation": 270, "texture": "#0"},
				"down": {"uv": [5.5, 3.5, 6, 4], "rotation": 270, "texture": "#0"}
			}
		},
		{
			"from": [4.55529, 13.96242, 6.34874],
			"to": [5.55529, 14.96242, 7.14874],
			"rotation": {"angle": 22.5, "axis": "z", "origin": [8, 12.47657, 8]},
			"faces": {
				"north": {"uv": [5, 2, 5.5, 2.5], "rotation": 180, "texture": "#0"},
				"east": {"uv": [5, 1.5, 5.5, 2], "rotation": 180, "texture": "#0"},
				"south": {"uv": [5.5, 2, 5, 2.5], "rotation": 180, "texture": "#0"},
				"west": {"uv": [5, 1, 5.5, 1.5], "rotation": 180, "texture": "#0"},
				"up": {"uv": [5, 3, 5.5, 3.5], "rotation": 180, "texture": "#0"},
				"down": {"uv": [5, 2.5, 5.5, 3], "rotation": 180, "texture": "#0"}
			}
		},
		{
			"from": [5.43031, 14.20071, 8.84874],
			"to": [6.43031, 15.20071, 9.44874],
			"rotation": {"angle": 45, "axis": "z", "origin": [8, 12.47657, 8]},
			"faces": {
				"north": {"uv": [5, 4, 5.5, 4.5], "rotation": 180, "texture": "#0"},
				"east": {"uv": [5, 3.5, 5.25, 4], "rotation": 180, "texture": "#0"},
				"south": {"uv": [5.5, 4, 5, 4.5], "rotation": 180, "texture": "#0"},
				"west": {"uv": [5.25, 3.5, 5.5, 4], "rotation": 180, "texture": "#0"},
				"up": {"uv": [5, 4.75, 5.5, 5], "rotation": 180, "texture": "#0"},
				"down": {"uv": [5, 4.5, 5.5, 4.75], "rotation": 180, "texture": "#0"}
			}
		},
		{
			"from": [4.55529, 13.96242, 8.74874],
			"to": [5.55529, 14.96242, 9.54874],
			"rotation": {"angle": 22.5, "axis": "z", "origin": [8, 12.47657, 8]},
			"faces": {
				"north": {"uv": [5, 2, 5.5, 2.5], "rotation": 180, "texture": "#0"},
				"east": {"uv": [5, 1.5, 5.5, 2], "rotation": 180, "texture": "#0"},
				"south": {"uv": [5.5, 2, 5, 2.5], "rotation": 180, "texture": "#0"},
				"west": {"uv": [5, 1, 5.5, 1.5], "rotation": 180, "texture": "#0"},
				"up": {"uv": [5, 3, 5.5, 3.5], "rotation": 180, "texture": "#0"},
				"down": {"uv": [5, 2.5, 5.5, 3], "rotation": 180, "texture": "#0"}
			}
		},
		{
			"from": [3.89812, 13.5, 8.64874],
			"to": [4.89812, 15.5, 9.64874],
			"rotation": {"angle": 0, "axis": "y", "origin": [8, 12.47657, 8]},
			"faces": {
				"north": {"uv": [1, 7.5, 2, 8], "rotation": 270, "texture": "#0"},
				"east": {"uv": [5.5, 4, 6.5, 4.5], "rotation": 270, "texture": "#0"},
				"south": {"uv": [1, 8, 2, 7.5], "rotation": 270, "texture": "#0"},
				"west": {"uv": [5.5, 4.5, 6.5, 5], "rotation": 270, "texture": "#0"},
				"up": {"uv": [5.5, 3.5, 6, 4], "rotation": 270, "texture": "#0"},
				"down": {"uv": [5.5, 3.5, 6, 4], "rotation": 270, "texture": "#0"}
			}
		},
		{
			"from": [5.43031, 14.20071, 6.44874],
			"to": [6.43031, 15.20071, 7.04874],
			"rotation": {"angle": 45, "axis": "z", "origin": [8, 12.47657, 8]},
			"faces": {
				"north": {"uv": [5, 4, 5.5, 4.5], "rotation": 180, "texture": "#0"},
				"east": {"uv": [5, 3.5, 5.25, 4], "rotation": 180, "texture": "#0"},
				"south": {"uv": [5.5, 4, 5, 4.5], "rotation": 180, "texture": "#0"},
				"west": {"uv": [5.25, 3.5, 5.5, 4], "rotation": 180, "texture": "#0"},
				"up": {"uv": [5, 4.75, 5.5, 5], "rotation": 180, "texture": "#0"},
				"down": {"uv": [5, 4.5, 5.5, 4.75], "rotation": 180, "texture": "#0"}
			}
		},
		{
			"from": [11.10188, 13.5, 6.24874],
			"to": [12.10188, 15.5, 7.24874],
			"rotation": {"angle": 0, "axis": "y", "origin": [8, 12.47657, 8]},
			"faces": {
				"north": {"uv": [1, 8, 2, 7.5], "rotation": 270, "texture": "#0"},
				"east": {"uv": [6.5, 4.5, 5.5, 5], "rotation": 90, "texture": "#0"},
				"south": {"uv": [1, 7.5, 2, 8], "rotation": 270, "texture": "#0"},
				"west": {"uv": [6.5, 4, 5.5, 4.5], "rotation": 90, "texture": "#0"},
				"up": {"uv": [5.5, 4, 6, 3.5], "rotation": 270, "texture": "#0"},
				"down": {"uv": [5.5, 4, 6, 3.5], "rotation": 270, "texture": "#0"}
			}
		},
		{
			"from": [10.44471, 13.96242, 6.34874],
			"to": [11.44471, 14.96242, 7.14874],
			"rotation": {"angle": -22.5, "axis": "z", "origin": [8, 12.47657, 8]},
			"faces": {
				"north": {"uv": [5.5, 2, 5, 2.5], "rotation": 180, "texture": "#0"},
				"east": {"uv": [5, 1.5, 5.5, 1], "texture": "#0"},
				"south": {"uv": [5, 2, 5.5, 2.5], "rotation": 180, "texture": "#0"},
				"west": {"uv": [5, 2, 5.5, 1.5], "texture": "#0"},
				"up": {"uv": [5.5, 3, 5, 3.5], "rotation": 180, "texture": "#0"},
				"down": {"uv": [5.5, 2.5, 5, 3], "rotation": 180, "texture": "#0"}
			}
		},
		{
			"from": [9.56969, 14.20071, 8.84874],
			"to": [10.56969, 15.20071, 9.44874],
			"rotation": {"angle": -45, "axis": "z", "origin": [8, 12.47657, 8]},
			"faces": {
				"north": {"uv": [5.5, 4, 5, 4.5], "rotation": 180, "texture": "#0"},
				"east": {"uv": [5.25, 4, 5.5, 3.5], "texture": "#0"},
				"south": {"uv": [5, 4, 5.5, 4.5], "rotation": 180, "texture": "#0"},
				"west": {"uv": [5, 4, 5.25, 3.5], "texture": "#0"},
				"up": {"uv": [5.5, 4.75, 5, 5], "rotation": 180, "texture": "#0"},
				"down": {"uv": [5.5, 4.5, 5, 4.75], "rotation": 180, "texture": "#0"}
			}
		},
		{
			"from": [10.44471, 13.96242, 8.74874],
			"to": [11.44471, 14.96242, 9.54874],
			"rotation": {"angle": -22.5, "axis": "z", "origin": [8, 12.47657, 8]},
			"faces": {
				"north": {"uv": [5.5, 2, 5, 2.5], "rotation": 180, "texture": "#0"},
				"east": {"uv": [5, 1.5, 5.5, 1], "texture": "#0"},
				"south": {"uv": [5, 2, 5.5, 2.5], "rotation": 180, "texture": "#0"},
				"west": {"uv": [5, 2, 5.5, 1.5], "texture": "#0"},
				"up": {"uv": [5.5, 3, 5, 3.5], "rotation": 180, "texture": "#0"},
				"down": {"uv": [5.5, 2.5, 5, 3], "rotation": 180, "texture": "#0"}
			}
		},
		{
			"from": [11.10188, 13.5, 8.64874],
			"to": [12.10188, 15.5, 9.64874],
			"rotation": {"angle": 0, "axis": "y", "origin": [8, 12.47657, 8]},
			"faces": {
				"north": {"uv": [1, 8, 2, 7.5], "rotation": 270, "texture": "#0"},
				"east": {"uv": [6.5, 4.5, 5.5, 5], "rotation": 90, "texture": "#0"},
				"south": {"uv": [1, 7.5, 2, 8], "rotation": 270, "texture": "#0"},
				"west": {"uv": [6.5, 4, 5.5, 4.5], "rotation": 90, "texture": "#0"},
				"up": {"uv": [5.5, 4, 6, 3.5], "rotation": 270, "texture": "#0"},
				"down": {"uv": [5.5, 4, 6, 3.5], "rotation": 270, "texture": "#0"}
			}
		},
		{
			"from": [9.56969, 14.20071, 6.44874],
			"to": [10.56969, 15.20071, 7.04874],
			"rotation": {"angle": -45, "axis": "z", "origin": [8, 12.47657, 8]},
			"faces": {
				"north": {"uv": [5.5, 4, 5, 4.5], "rotation": 180, "texture": "#0"},
				"east": {"uv": [5.25, 4, 5.5, 3.5], "texture": "#0"},
				"south": {"uv": [5, 4, 5.5, 4.5], "rotation": 180, "texture": "#0"},
				"west": {"uv": [5, 4, 5.25, 3.5], "texture": "#0"},
				"up": {"uv": [5.5, 4.75, 5, 5], "rotation": 180, "texture": "#0"},
				"down": {"uv": [5.5, 4.5, 5, 4.75], "rotation": 180, "texture": "#0"}
			}
		},
		{
			"from": [4.3, 6.5, 0],
			"to": [5.3, 10, 2],
			"rotation": {"angle": 0, "axis": "y", "origin": [3.3, 2.5, 1]},
			"faces": {
				"north": {"uv": [10, 0, 10.5, 1.75], "texture": "#4"},
				"east": {"uv": [9, 0, 10, 1.75], "texture": "#4"},
				"south": {"uv": [10, 0, 10.5, 1.75], "texture": "#4"},
				"west": {"uv": [9, 1.75, 10, 3.5], "texture": "#4"},
				"up": {"uv": [11, 1, 11.5, 2], "texture": "#4"},
				"down": {"uv": [11, 1, 11.5, 2], "texture": "#4"}
			}
		},
		{
			"from": [4.6, 9.7, 0.1],
			"to": [5.6, 12.2, 1.9],
			"rotation": {"angle": -45, "axis": "z", "origin": [4.8, 10.25, 1]},
			"faces": {
				"north": {"uv": [10.5, 0, 11, 1.25], "texture": "#4"},
				"east": {"uv": [12.5, 0, 13.5, 1.25], "texture": "#4"},
				"south": {"uv": [10.5, 0, 11, 1.25], "texture": "#4"},
				"west": {"uv": [11.5, 0, 12.5, 1.25], "texture": "#4"},
				"up": {"uv": [11, 0, 11.5, 1], "texture": "#4"},
				"down": {"uv": [11, 0, 11.5, 1], "texture": "#4"}
			}
		},
		{
			"from": [1.4, 5.6, 0.1],
			"to": [2.4, 8.1, 1.9],
			"rotation": {"angle": 45, "axis": "z", "origin": [4.8, 10.75, 1]},
			"faces": {
				"north": {"uv": [9, 4.75, 9.5, 6], "texture": "#4"},
				"east": {"uv": [9, 3.5, 10, 4.75], "texture": "#4"},
				"south": {"uv": [9, 4.75, 9.5, 6], "texture": "#4"},
				"west": {"uv": [10, 3.5, 11, 4.75], "texture": "#4"},
				"up": {"uv": [7.5, 8.5, 8, 9.5], "texture": "#4"},
				"down": {"uv": [7.5, 8.5, 8, 9.5], "texture": "#4"}
			}
		},
		{
			"from": [10.3, 9.7, 0.1],
			"to": [11.3, 12.2, 1.9],
			"rotation": {"angle": 45, "axis": "z", "origin": [11.1, 10.25, 1]},
			"faces": {
				"north": {"uv": [11, 0, 10.5, 1.25], "texture": "#4"},
				"east": {"uv": [12.5, 0, 11.5, 1.25], "texture": "#4"},
				"south": {"uv": [11, 0, 10.5, 1.25], "texture": "#4"},
				"west": {"uv": [13.5, 0, 12.5, 1.25], "texture": "#4"},
				"up": {"uv": [11.5, 0, 11, 1], "texture": "#4"},
				"down": {"uv": [11.5, 0, 11, 1], "texture": "#4"}
			}
		},
		{
			"from": [10.6, 6.5, 0],
			"to": [11.6, 10, 2],
			"rotation": {"angle": 0, "axis": "y", "origin": [12.6, 2.5, 1]},
			"faces": {
				"north": {"uv": [10.5, 0, 10, 1.75], "texture": "#4"},
				"east": {"uv": [10, 1.75, 9, 3.5], "texture": "#4"},
				"south": {"uv": [10.5, 0, 10, 1.75], "texture": "#4"},
				"west": {"uv": [10, 0, 9, 1.75], "texture": "#4"},
				"up": {"uv": [11.5, 1, 11, 2], "texture": "#4"},
				"down": {"uv": [11.5, 1, 11, 2], "texture": "#4"}
			}
		},
		{
			"from": [13.5, 5.6, 0.1],
			"to": [14.5, 8.1, 1.9],
			"rotation": {"angle": -45, "axis": "z", "origin": [11.1, 10.75, 1]},
			"faces": {
				"north": {"uv": [9.5, 4.75, 9, 6], "texture": "#4"},
				"east": {"uv": [11, 3.5, 10, 4.75], "texture": "#4"},
				"south": {"uv": [9.5, 4.75, 9, 6], "texture": "#4"},
				"west": {"uv": [10, 3.5, 9, 4.75], "texture": "#4"},
				"up": {"uv": [8, 8.5, 7.5, 9.5], "texture": "#4"},
				"down": {"uv": [8, 8.5, 7.5, 9.5], "texture": "#4"}
			}
		},
		{
			"from": [5.7, 11, 0],
			"to": [10.2, 12, 2],
			"rotation": {"angle": 0, "axis": "y", "origin": [4.7, 10.25, 1]},
			"faces": {
				"north": {"uv": [2.5, 9.5, 3, 11.75], "rotation": 270, "texture": "#4"},
				"east": {"uv": [3.5, 10.5, 3, 9.5], "rotation": 90, "texture": "#4"},
				"south": {"uv": [2.5, 9.5, 3, 11.75], "rotation": 90, "texture": "#4"},
				"west": {"uv": [3, 9.5, 3.5, 10.5], "rotation": 90, "texture": "#4"},
				"up": {"uv": [1.5, 9.5, 2.5, 11.75], "rotation": 90, "texture": "#4"},
				"down": {"uv": [3.5, 9.5, 4.5, 11.75], "rotation": 90, "texture": "#4"}
			}
		},
		{
			"from": [5.7, 4.5, 0],
			"to": [10.2, 5.5, 2],
			"rotation": {"angle": 0, "axis": "y", "origin": [4.7, 10.75, 1]},
			"faces": {
				"north": {"uv": [9.5, 4.75, 10, 7], "rotation": 270, "texture": "#4"},
				"east": {"uv": [9, 6, 9.5, 7], "rotation": 90, "texture": "#4"},
				"south": {"uv": [9.5, 4.75, 10, 7], "rotation": 90, "texture": "#4"},
				"west": {"uv": [9, 7, 9.5, 6], "rotation": 90, "texture": "#4"},
				"up": {"uv": [13, 4.25, 14, 6.5], "rotation": 90, "texture": "#4"},
				"down": {"uv": [13.5, 1.25, 12.5, 3.5], "rotation": 90, "texture": "#4"}
			}
		},
		{
			"from": [4.7, 5, 1],
			"to": [11.2, 11.5, 1],
			"rotation": {"angle": 0, "axis": "y", "origin": [3.2, 2.5, 1]},
			"faces": {
				"north": {"uv": [0.5, 8.5, 7, 15], "texture": "#5"},
				"east": {"uv": [0, 0, 0, 9], "texture": "#5"},
				"south": {"uv": [0.5, 8.5, 7, 15], "texture": "#5"},
				"west": {"uv": [0, 0, 0, 9], "texture": "#5"},
				"up": {"uv": [0, 0, 9, 0], "texture": "#5"},
				"down": {"uv": [0, 0, 9, 0], "texture": "#5"}
			}
		},
		{
			"from": [11, 5.47657, 17.47657],
			"to": [12, 10.47657, 18.47657],
			"rotation": {"angle": 0, "axis": "y", "origin": [8, 7.97657, 16]},
			"faces": {
				"north": {"uv": [9.5, 7, 12, 6.5], "rotation": 270, "texture": "#2"},
				"east": {"uv": [6.5, 10.5, 7, 13], "rotation": 180, "texture": "#2"},
				"south": {"uv": [9.5, 6.5, 12, 7], "rotation": 270, "texture": "#2"},
				"west": {"uv": [11, 7.5, 11.5, 10], "rotation": 180, "texture": "#2"},
				"up": {"uv": [6.25, 9.5, 7.25, 10], "texture": "#2"},
				"down": {"uv": [6.25, 9.5, 7.25, 10], "rotation": 180, "texture": "#2"}
			}
		},
		{
			"from": [5, 5.47657, 14.47657],
			"to": [11, 10.47657, 17.47657],
			"rotation": {"angle": 0, "axis": "y", "origin": [8, 7.97657, 16]},
			"faces": {
				"north": {"uv": [7.5, 7.5, 10.5, 10], "rotation": 180, "texture": "#2"},
				"east": {"uv": [9, 10, 10.5, 12.5], "rotation": 180, "texture": "#2"},
				"south": {"uv": [12, 6.5, 15, 9], "rotation": 180, "texture": "#2"},
				"west": {"uv": [10.5, 10, 9, 12.5], "rotation": 180, "texture": "#2"},
				"up": {"uv": [7.5, 10, 9, 13], "rotation": 270, "texture": "#2"},
				"down": {"uv": [7.5, 10, 9, 13], "rotation": 90, "texture": "#2"}
			}
		},
		{
			"from": [5, 10.47657, 17.47657],
			"to": [11, 11.47657, 18.47657],
			"rotation": {"angle": 0, "axis": "y", "origin": [8, 7.97657, 16]},
			"faces": {
				"north": {"uv": [7.5, 10.5, 7, 13.5], "rotation": 270, "texture": "#2"},
				"east": {"uv": [7.5, 13.5, 8, 13], "rotation": 180, "texture": "#2"},
				"south": {"uv": [7.5, 10.5, 7, 13.5], "rotation": 270, "texture": "#2"},
				"west": {"uv": [7.5, 13.5, 8, 13], "rotation": 180, "texture": "#2"},
				"up": {"uv": [10.5, 10.5, 11, 7.5], "rotation": 270, "texture": "#2"},
				"down": {"uv": [10.5, 13.5, 11, 10.5], "rotation": 90, "texture": "#2"}
			}
		},
		{
			"from": [4, 5.47657, 17.47657],
			"to": [5, 10.47657, 18.47657],
			"rotation": {"angle": 0, "axis": "y", "origin": [8, 7.97657, 16]},
			"faces": {
				"north": {"uv": [9.5, 6.5, 12, 7], "rotation": 270, "texture": "#2"},
				"east": {"uv": [12, 7.5, 11.5, 10], "rotation": 180, "texture": "#2"},
				"south": {"uv": [9.5, 7, 12, 6.5], "rotation": 270, "texture": "#2"},
				"west": {"uv": [7, 10.5, 6.5, 13], "rotation": 180, "texture": "#2"},
				"up": {"uv": [7.25, 9.5, 6.25, 10], "texture": "#2"},
				"down": {"uv": [7.25, 9.5, 6.25, 10], "rotation": 180, "texture": "#2"}
			}
		},
		{
			"from": [5, 4.47657, 17.47657],
			"to": [11, 5.47657, 18.47657],
			"rotation": {"angle": 0, "axis": "y", "origin": [8, 7.97657, 16]},
			"faces": {
				"north": {"uv": [7, 10.5, 7.5, 13.5], "rotation": 270, "texture": "#2"},
				"east": {"uv": [7.5, 13, 8, 13.5], "rotation": 180, "texture": "#2"},
				"south": {"uv": [7, 10.5, 7.5, 13.5], "rotation": 270, "texture": "#2"},
				"west": {"uv": [7.5, 13, 8, 13.5], "rotation": 180, "texture": "#2"},
				"up": {"uv": [10.5, 10.5, 11, 13.5], "rotation": 270, "texture": "#2"},
				"down": {"uv": [10.5, 7.5, 11, 10.5], "rotation": 90, "texture": "#2"}
			}
		},
		{
			"from": [3.89812, 8.72783, 17.02343],
			"to": [4.89812, 9.72783, 19.02343],
			"rotation": {"angle": 0, "axis": "y", "origin": [8, 7.97657, 16]},
			"faces": {
				"north": {"uv": [5.5, 3.5, 6, 4], "rotation": 90, "texture": "#0"},
				"east": {"uv": [5.5, 4, 6.5, 4.5], "rotation": 180, "texture": "#0"},
				"south": {"uv": [5.5, 3.5, 6, 4], "rotation": 270, "texture": "#0"},
				"west": {"uv": [5.5, 4.5, 6.5, 5], "texture": "#0"},
				"up": {"uv": [1, 7.5, 2, 8], "rotation": 90, "texture": "#0"},
				"down": {"uv": [1, 8, 2, 7.5], "rotation": 270, "texture": "#0"}
			}
		},
		{
			"from": [4.55529, 8.82783, 17.48585],
			"to": [5.55529, 9.62783, 18.48585],
			"rotation": {"angle": -22.5, "axis": "y", "origin": [8, 7.97657, 16]},
			"faces": {
				"north": {"uv": [5, 2.5, 5.5, 3], "texture": "#0"},
				"east": {"uv": [5, 1.5, 5.5, 2], "rotation": 90, "texture": "#0"},
				"south": {"uv": [5, 3, 5.5, 3.5], "rotation": 180, "texture": "#0"},
				"west": {"uv": [5, 1, 5.5, 1.5], "rotation": 270, "texture": "#0"},
				"up": {"uv": [5, 2, 5.5, 2.5], "texture": "#0"},
				"down": {"uv": [5.5, 2, 5, 2.5], "rotation": 180, "texture": "#0"}
			}
		},
		{
			"from": [5.43031, 6.52783, 17.72414],
			"to": [6.43031, 7.12783, 18.72414],
			"rotation": {"angle": -45, "axis": "y", "origin": [8, 7.97657, 16]},
			"faces": {
				"north": {"uv": [5, 4.5, 5.5, 4.75], "texture": "#0"},
				"east": {"uv": [5, 3.5, 5.25, 4], "rotation": 90, "texture": "#0"},
				"south": {"uv": [5, 4.75, 5.5, 5], "rotation": 180, "texture": "#0"},
				"west": {"uv": [5.25, 3.5, 5.5, 4], "rotation": 270, "texture": "#0"},
				"up": {"uv": [5, 4, 5.5, 4.5], "texture": "#0"},
				"down": {"uv": [5.5, 4, 5, 4.5], "rotation": 180, "texture": "#0"}
			}
		},
		{
			"from": [4.55529, 6.42783, 17.48585],
			"to": [5.55529, 7.22783, 18.48585],
			"rotation": {"angle": -22.5, "axis": "y", "origin": [8, 7.97657, 16]},
			"faces": {
				"north": {"uv": [5, 2.5, 5.5, 3], "texture": "#0"},
				"east": {"uv": [5, 1.5, 5.5, 2], "rotation": 90, "texture": "#0"},
				"south": {"uv": [5, 3, 5.5, 3.5], "rotation": 180, "texture": "#0"},
				"west": {"uv": [5, 1, 5.5, 1.5], "rotation": 270, "texture": "#0"},
				"up": {"uv": [5, 2, 5.5, 2.5], "texture": "#0"},
				"down": {"uv": [5.5, 2, 5, 2.5], "rotation": 180, "texture": "#0"}
			}
		},
		{
			"from": [3.89812, 6.32783, 17.02343],
			"to": [4.89812, 7.32783, 19.02343],
			"rotation": {"angle": 0, "axis": "y", "origin": [8, 7.97657, 16]},
			"faces": {
				"north": {"uv": [5.5, 3.5, 6, 4], "rotation": 90, "texture": "#0"},
				"east": {"uv": [5.5, 4, 6.5, 4.5], "rotation": 180, "texture": "#0"},
				"south": {"uv": [5.5, 3.5, 6, 4], "rotation": 270, "texture": "#0"},
				"west": {"uv": [5.5, 4.5, 6.5, 5], "texture": "#0"},
				"up": {"uv": [1, 7.5, 2, 8], "rotation": 90, "texture": "#0"},
				"down": {"uv": [1, 8, 2, 7.5], "rotation": 270, "texture": "#0"}
			}
		},
		{
			"from": [5.43031, 8.92783, 17.72414],
			"to": [6.43031, 9.52783, 18.72414],
			"rotation": {"angle": -45, "axis": "y", "origin": [8, 7.97657, 16]},
			"faces": {
				"north": {"uv": [5, 4.5, 5.5, 4.75], "texture": "#0"},
				"east": {"uv": [5, 3.5, 5.25, 4], "rotation": 90, "texture": "#0"},
				"south": {"uv": [5, 4.75, 5.5, 5], "rotation": 180, "texture": "#0"},
				"west": {"uv": [5.25, 3.5, 5.5, 4], "rotation": 270, "texture": "#0"},
				"up": {"uv": [5, 4, 5.5, 4.5], "texture": "#0"},
				"down": {"uv": [5.5, 4, 5, 4.5], "rotation": 180, "texture": "#0"}
			}
		},
		{
			"from": [11.10188, 8.72783, 17.02343],
			"to": [12.10188, 9.72783, 19.02343],
			"rotation": {"angle": 0, "axis": "y", "origin": [8, 7.97657, 16]},
			"faces": {
				"north": {"uv": [5.5, 4, 6, 3.5], "rotation": 90, "texture": "#0"},
				"east": {"uv": [6.5, 4.5, 5.5, 5], "texture": "#0"},
				"south": {"uv": [5.5, 4, 6, 3.5], "rotation": 270, "texture": "#0"},
				"west": {"uv": [6.5, 4, 5.5, 4.5], "rotation": 180, "texture": "#0"},
				"up": {"uv": [1, 8, 2, 7.5], "rotation": 90, "texture": "#0"},
				"down": {"uv": [1, 7.5, 2, 8], "rotation": 270, "texture": "#0"}
			}
		},
		{
			"from": [10.44471, 8.82783, 17.48585],
			"to": [11.44471, 9.62783, 18.48585],
			"rotation": {"angle": 22.5, "axis": "y", "origin": [8, 7.97657, 16]},
			"faces": {
				"north": {"uv": [5.5, 2.5, 5, 3], "texture": "#0"},
				"east": {"uv": [5, 1.5, 5.5, 1], "rotation": 270, "texture": "#0"},
				"south": {"uv": [5.5, 3, 5, 3.5], "rotation": 180, "texture": "#0"},
				"west": {"uv": [5, 2, 5.5, 1.5], "rotation": 90, "texture": "#0"},
				"up": {"uv": [5.5, 2, 5, 2.5], "texture": "#0"},
				"down": {"uv": [5, 2, 5.5, 2.5], "rotation": 180, "texture": "#0"}
			}
		},
		{
			"from": [9.56969, 6.52783, 17.72414],
			"to": [10.56969, 7.12783, 18.72414],
			"rotation": {"angle": 45, "axis": "y", "origin": [8, 7.97657, 16]},
			"faces": {
				"north": {"uv": [5.5, 4.5, 5, 4.75], "texture": "#0"},
				"east": {"uv": [5.25, 4, 5.5, 3.5], "rotation": 270, "texture": "#0"},
				"south": {"uv": [5.5, 4.75, 5, 5], "rotation": 180, "texture": "#0"},
				"west": {"uv": [5, 4, 5.25, 3.5], "rotation": 90, "texture": "#0"},
				"up": {"uv": [5.5, 4, 5, 4.5], "texture": "#0"},
				"down": {"uv": [5, 4, 5.5, 4.5], "rotation": 180, "texture": "#0"}
			}
		},
		{
			"from": [10.44471, 6.42783, 17.48585],
			"to": [11.44471, 7.22783, 18.48585],
			"rotation": {"angle": 22.5, "axis": "y", "origin": [8, 7.97657, 16]},
			"faces": {
				"north": {"uv": [5.5, 2.5, 5, 3], "texture": "#0"},
				"east": {"uv": [5, 1.5, 5.5, 1], "rotation": 270, "texture": "#0"},
				"south": {"uv": [5.5, 3, 5, 3.5], "rotation": 180, "texture": "#0"},
				"west": {"uv": [5, 2, 5.5, 1.5], "rotation": 90, "texture": "#0"},
				"up": {"uv": [5.5, 2, 5, 2.5], "texture": "#0"},
				"down": {"uv": [5, 2, 5.5, 2.5], "rotation": 180, "texture": "#0"}
			}
		},
		{
			"from": [11.10188, 6.32783, 17.02343],
			"to": [12.10188, 7.32783, 19.02343],
			"rotation": {"angle": 0, "axis": "y", "origin": [8, 7.97657, 16]},
			"faces": {
				"north": {"uv": [5.5, 4, 6, 3.5], "rotation": 90, "texture": "#0"},
				"east": {"uv": [6.5, 4.5, 5.5, 5], "texture": "#0"},
				"south": {"uv": [5.5, 4, 6, 3.5], "rotation": 270, "texture": "#0"},
				"west": {"uv": [6.5, 4, 5.5, 4.5], "rotation": 180, "texture": "#0"},
				"up": {"uv": [1, 8, 2, 7.5], "rotation": 90, "texture": "#0"},
				"down": {"uv": [1, 7.5, 2, 8], "rotation": 270, "texture": "#0"}
			}
		},
		{
			"from": [9.56969, 8.92783, 17.72414],
			"to": [10.56969, 9.52783, 18.72414],
			"rotation": {"angle": 45, "axis": "y", "origin": [8, 7.97657, 16]},
			"faces": {
				"north": {"uv": [5.5, 4.5, 5, 4.75], "texture": "#0"},
				"east": {"uv": [5.25, 4, 5.5, 3.5], "rotation": 270, "texture": "#0"},
				"south": {"uv": [5.5, 4.75, 5, 5], "rotation": 180, "texture": "#0"},
				"west": {"uv": [5, 4, 5.25, 3.5], "rotation": 90, "texture": "#0"},
				"up": {"uv": [5.5, 4, 5, 4.5], "texture": "#0"},
				"down": {"uv": [5, 4, 5.5, 4.5], "rotation": 180, "texture": "#0"}
			}
		},
		{
			"from": [4, 10, 8],
			"to": [13, 28, 8],
			"rotation": {"angle": 0, "axis": "y", "origin": [0, 16, 0]},
			"faces": {
				"north": {"uv": [0, 16, 9, 0], "texture": "#9"},
				"east": {"uv": [0, 0, 0, 16], "texture": "#9"},
				"south": {"uv": [9, 16, 0, 0], "texture": "#9"},
				"west": {"uv": [0, 0, 0, 16], "texture": "#9"},
				"up": {"uv": [0, 0, 9, 0], "texture": "#9"},
				"down": {"uv": [0, 0, 9, 0], "texture": "#9"}
			}
		}
	],
	"gui_light": "front",
	"display": {
		"thirdperson_righthand": {
			"rotation": [51, -1, 0],
			"translation": [0, 2, -1],
			"scale": [0.4, 0.4, 0.4]
		},
		"thirdperson_lefthand": {
			"rotation": [51, -1, 0],
			"translation": [0, 2, -1],
			"scale": [0.4, 0.4, 0.4]
		},
		"firstperson_righthand": {
			"rotation": [-5, -54, 0],
			"translation": [0, 2.75, 0],
			"scale": [0.4, 0.4, 0.4]
		},
		"firstperson_lefthand": {
			"rotation": [-5, -54, 0],
			"translation": [0, 2.75, 0],
			"scale": [0.4, 0.4, 0.4]
		},
		"ground": {
			"translation": [0, 9.75, 0],
			"scale": [0.5, 0.5, 0.5]
		},
		"gui": {
			"rotation": [0, -180, 0],
			"translation": [0.25, -0.25, -2],
			"scale": [0.56, 0.56, 0.56]
		},
		"head": {
			"rotation": [0, -180, 0],
			"translation": [0, -30.3, -0.75],
			"scale": [1.6, 1.6, 1.6]
		},
		"fixed": {
			"rotation": [-90, 0, 0],
			"translation": [0, -1, -16],
			"scale": [2, 2, 2]
		}
	},
	"groups": [
		{
			"name": "Chest",
			"origin": [1, 11, 8],
			"color": 0,
			"children": [
				0,
				1,
				2,
				3,
				4,
				5,
				6,
				7,
				8,
				9,
				10,
				{
					"name": "group",
					"origin": [-13, 7.5, 8],
					"color": 0,
					"children": [11, 12, 13, 14]
				},
				{
					"name": "group",
					"origin": [-13, 7.5, 8],
					"color": 0,
					"children": [15, 16, 17, 18]
				},
				19,
				20,
				21,
				22,
				{
					"name": "group",
					"origin": [-3, 9.5, 6.2],
					"color": 0,
					"children": [23, 24, 25, 26, 27, 28, 29, 30, 31, 32, 33, 34, 35, 36, 37]
				},
				{
					"name": "group",
					"origin": [-3, 9.5, 6.2],
					"color": 0,
					"children": [38, 39, 40, 41, 42, 43, 44, 45, 46, 47, 48, 49, 50, 51, 52]
				}
			]
		},
		{
			"name": "group",
			"origin": [0, 0, 0],
			"color": 0,
			"children": [
				{
					"name": "group",
					"origin": [8, -9.1, 10.5],
					"color": 0,
					"children": []
				},
				{
					"name": "group",
					"origin": [8, -9.1, 10.5],
					"color": 0,
					"children": []
				}
			]
		},
		{
			"name": "group",
			"origin": [0, 0, 0],
			"color": 0,
			"children": [
				53,
				54,
				55,
				56,
				57,
				{
					"name": "group",
					"origin": [8, -9.1, 10.5],
					"color": 0,
					"children": [58, 59, 60, 61, 62, 63]
				},
				{
					"name": "group",
					"origin": [8, -9.1, 10.5],
					"color": 0,
					"children": [64, 65, 66, 67, 68, 69]
				}
			]
		},
		{
			"name": "group",
			"origin": [0, 0, 0],
			"color": 0,
			"children": [70, 71, 72, 73, 74, 75, 76, 77, 78]
		},
		{
			"name": "group",
			"origin": [0, 0, 0],
			"color": 0,
			"children": [
				79,
				80,
				81,
				82,
				83,
				{
					"name": "group",
					"origin": [8, -9.1, 10.5],
					"color": 0,
					"children": [84, 85, 86, 87, 88, 89]
				},
				{
					"name": "group",
					"origin": [8, -9.1, 10.5],
					"color": 0,
					"children": [90, 91, 92, 93, 94, 95]
				}
			]
		},
		96
	]
}