{"credit":"MadewithBlockbench","texture_size":[32,32],"textures":{"1":"elitecreatures:valentines_animated_weapon_and_tool_set_v1/valentine_tex5","3":"elitecreatures:valentines_animated_weapon_and_tool_set_v1/valentine_tex2","4":"elitecreatures:valentines_animated_weapon_and_tool_set_v1/valentine_tex3","6":"elitecreatures:valentines_animated_weapon_and_tool_set_v1/cameralens1","particle":"elitecreatures:valentines_animated_weapon_and_tool_set_v1/valentine_tex4"},"elements":[{"from":[7,-9,7],"to":[9,0,9],"rotation":{"angle":0,"axis":"y","origin":[16,-5,0]},"faces":{"north":{"uv":[0,16,4.5,15],"rotation":90,"texture":"#4"},"east":{"uv":[9,4.5,13.5,3.5],"rotation":90,"texture":"#3"},"south":{"uv":[0,15,4.5,16],"rotation":90,"texture":"#4"},"west":{"uv":[0,15,4.5,14],"rotation":90,"texture":"#4"},"up":{"uv":[13,10,12,9],"rotation":90,"texture":"#4"},"down":{"uv":[13,9,12,10],"rotation":270,"texture":"#4"}}},{"from":[7,0,7],"to":[9,9,9],"rotation":{"angle":0,"axis":"y","origin":[16,21,0]},"faces":{"north":{"uv":[4.5,16,0,15],"rotation":90,"texture":"#4"},"east":{"uv":[13.5,4.5,9,3.5],"rotation":90,"texture":"#3"},"south":{"uv":[4.5,15,0,16],"rotation":90,"texture":"#4"},"west":{"uv":[4.5,15,0,14],"rotation":90,"texture":"#4"},"up":{"uv":[9.5,12.5,10.5,13.5],"rotation":270,"texture":"#4"},"down":{"uv":[12,10,13,9],"rotation":90,"texture":"#4"}}},{"from":[23,-0.5,6],"to":[27,3.5,8],"rotation":{"angle":-45,"axis":"z","origin":[8.59847,18.86205,8]},"faces":{"north":{"uv":[16,9,14,11],"texture":"#4"},"east":{"uv":[16,7,15,9],"texture":"#4"},"south":{"uv":[16,9,14,11],"texture":"#4"},"west":{"uv":[15,9,16,7],"texture":"#4"},"up":{"uv":[14,15,16,14],"rotation":180,"texture":"#4"},"down":{"uv":[16,14,14,15],"rotation":180,"texture":"#4"}}},{"from":[23,-0.5,8],"to":[27,3.5,10],"rotation":{"angle":-45,"axis":"z","origin":[8.59847,18.86205,8]},"faces":{"north":{"uv":[14,9,16,11],"texture":"#4"},"east":{"uv":[15,7,16,9],"texture":"#4"},"south":{"uv":[14,9,16,11],"texture":"#4"},"west":{"uv":[16,9,15,7],"texture":"#4"},"up":{"uv":[14,14,16,15],"rotation":180,"texture":"#4"},"down":{"uv":[16,15,14,14],"rotation":180,"texture":"#4"}}},{"from":[6.3,-2,9.3],"to":[9.8,1.5,9.3],"rotation":{"angle":0,"axis":"y","origin":[8.05,-0.25,9.2]},"faces":{"north":{"uv":[2,13.5,5.5,10],"texture":"#6"},"east":{"uv":[0,6,0,0],"texture":"#6"},"south":{"uv":[2,13.5,5.5,10],"texture":"#6"},"west":{"uv":[0,6,0,0],"texture":"#6"},"up":{"uv":[3,0,0,0],"rotation":180,"texture":"#6"},"down":{"uv":[3,0,0,0],"rotation":180,"texture":"#6"}}},{"from":[6.3,-2,10.1],"to":[9.8,1.5,10.1],"rotation":{"angle":0,"axis":"y","origin":[8.05,-0.25,10.2]},"faces":{"north":{"uv":[5.5,13.5,2,10],"texture":"#6"},"east":{"uv":[0,6,0,0],"texture":"#6"},"south":{"uv":[5.5,10,2,13.5],"texture":"#6"},"west":{"uv":[0,6,0,0],"texture":"#6"},"up":{"uv":[3,0,0,0],"rotation":180,"texture":"#6"},"down":{"uv":[3,0,0,0],"rotation":180,"texture":"#6"}}},{"from":[7.00781,1.3,9.00475],"to":[9.00781,2.3,10.20475],"rotation":{"angle":0,"axis":"y","origin":[10.30153,-4.22377,9.60475]},"faces":{"north":{"uv":[2,10,2.5,11],"rotation":90,"texture":"#4"},"east":{"uv":[2.5,11,2,11.5],"rotation":270,"texture":"#4"},"south":{"uv":[2.5,10,2,11],"rotation":270,"texture":"#4"},"west":{"uv":[2.5,11,2,11.5],"rotation":270,"texture":"#4"},"up":{"uv":[3,11.5,3.5,10.5],"rotation":90,"texture":"#4"},"down":{"uv":[2.5,11,3,10],"rotation":90,"texture":"#4"}}},{"from":[13.33404,-0.68297,9.20475],"to":[14.33404,0.31703,10.00475],"rotation":{"angle":45,"axis":"z","origin":[10.30153,-4.22377,9.60475]},"faces":{"north":{"uv":[1.5,11,1,11.5],"texture":"#4"},"east":{"uv":[3,10,3.5,10.5],"texture":"#4"},"south":{"uv":[1,11,1.5,11.5],"texture":"#4"},"west":{"uv":[0.5,11.5,1,12],"texture":"#4"},"up":{"uv":[1.5,11,1,10.5],"rotation":180,"texture":"#4"},"down":{"uv":[1.5,11,1,10.5],"rotation":180,"texture":"#4"}}},{"from":[6.67574,0.25742,9.10475],"to":[7.67574,1.25742,10.10475],"rotation":{"angle":-22.5,"axis":"z","origin":[10.30153,-4.22377,9.60475]},"faces":{"north":{"uv":[2.5,12,2,12.5],"rotation":270,"texture":"#4"},"east":{"uv":[3.25,11.5,3.75,12],"rotation":90,"texture":"#4"},"south":{"uv":[2.5,12,2,12.5],"rotation":270,"texture":"#4"},"west":{"uv":[3.25,11.5,3.75,12],"rotation":90,"texture":"#4"},"up":{"uv":[3.25,12,2.75,11.5],"rotation":180,"texture":"#4"},"down":{"uv":[2.5,13,2,12.5],"rotation":180,"texture":"#4"}}},{"from":[7.00781,-3,9.00475],"to":[9.00781,-2,10.20475],"rotation":{"angle":0,"axis":"y","origin":[10.30153,-4.22377,9.60475]},"faces":{"north":{"uv":[1.5,12,1,13],"rotation":90,"texture":"#4"},"east":{"uv":[1.75,11.5,2.25,12],"rotation":270,"texture":"#4"},"south":{"uv":[1,12,1.5,13],"rotation":270,"texture":"#4"},"west":{"uv":[1.75,11.5,2.25,12],"rotation":270,"texture":"#4"},"up":{"uv":[2,13,1.5,12],"rotation":90,"texture":"#4"},"down":{"uv":[3,13,2.5,12],"rotation":90,"texture":"#4"}}},{"from":[9.62579,-2.62433,9.10475],"to":[10.62579,-1.62433,10.10475],"rotation":{"angle":22.5,"axis":"z","origin":[10.30153,-4.22377,9.60475]},"faces":{"north":{"uv":[2,10.5,1.5,11],"rotation":90,"texture":"#4"},"east":{"uv":[1.5,11,2,11.5],"rotation":270,"texture":"#4"},"south":{"uv":[1.5,10.5,2,11],"rotation":270,"texture":"#4"},"west":{"uv":[1.5,11,2,11.5],"rotation":270,"texture":"#4"},"up":{"uv":[1.75,12,1.25,11.5],"rotation":90,"texture":"#4"},"down":{"uv":[2.75,12,2.25,11.5],"rotation":90,"texture":"#4"}}},{"from":[7.96784,-3.29836,9.20475],"to":[8.96784,-2.29836,10.00475],"rotation":{"angle":-45,"axis":"z","origin":[10.30153,-4.22377,9.60475]},"faces":{"north":{"uv":[1,12,0.5,12.5],"texture":"#4"},"east":{"uv":[2.5,11,3,11.5],"texture":"#4"},"south":{"uv":[0.5,12,1,12.5],"texture":"#4"},"west":{"uv":[0.5,12.5,1,13],"texture":"#4"},"up":{"uv":[2,10.5,1.5,10],"rotation":180,"texture":"#4"},"down":{"uv":[2,10.5,1.5,10],"rotation":180,"texture":"#4"}}},{"from":[9.70781,-1.9,9.10475],"to":[10.70781,1.1,10.10475],"rotation":{"angle":0,"axis":"y","origin":[10.30153,-4.22377,9.60475]},"faces":{"north":{"uv":[0.5,10,1,11.5],"texture":"#4"},"east":{"uv":[0,10,0.5,11.5],"texture":"#4"},"south":{"uv":[1,10,0.5,11.5],"texture":"#4"},"west":{"uv":[0,11.5,0.5,13],"texture":"#4"},"up":{"uv":[1.5,10.5,1,10],"rotation":180,"texture":"#4"},"down":{"uv":[1.5,10.5,1,10],"rotation":180,"texture":"#4"}}},{"from":[5.50781,-1.9,9.10475],"to":[6.50781,1.1,10.10475],"rotation":{"angle":0,"axis":"y","origin":[10.30153,-4.22377,9.60475]},"faces":{"north":{"uv":[1,10,0.5,11.5],"texture":"#4"},"east":{"uv":[0.5,11.5,0,13],"texture":"#4"},"south":{"uv":[0.5,10,1,11.5],"texture":"#4"},"west":{"uv":[0.5,10,0,11.5],"texture":"#4"},"up":{"uv":[1,10.5,1.5,10],"rotation":180,"texture":"#4"},"down":{"uv":[1,10.5,1.5,10],"rotation":180,"texture":"#4"}}},{"from":[8.53283,-0.19597,9.20475],"to":[9.53283,0.80403,10.00475],"rotation":{"angle":45,"axis":"z","origin":[10.30153,-4.22377,9.60475]},"faces":{"north":{"uv":[0.5,12,1,12.5],"texture":"#4"},"east":{"uv":[1,12.5,0.5,13],"texture":"#4"},"south":{"uv":[1,12,0.5,12.5],"texture":"#4"},"west":{"uv":[3,11,2.5,11.5],"texture":"#4"},"up":{"uv":[1.5,10.5,2,10],"rotation":180,"texture":"#4"},"down":{"uv":[1.5,10.5,2,10],"rotation":180,"texture":"#4"}}},{"from":[5.9238,-4.30334,9.10475],"to":[6.9238,-3.30334,10.10475],"rotation":{"angle":-22.5,"axis":"z","origin":[10.30153,-4.22377,9.60475]},"faces":{"north":{"uv":[2,11,1.5,10.5],"rotation":90,"texture":"#4"},"east":{"uv":[1.5,11.5,2,11],"rotation":270,"texture":"#4"},"south":{"uv":[1.5,11,2,10.5],"rotation":270,"texture":"#4"},"west":{"uv":[1.5,11.5,2,11],"rotation":270,"texture":"#4"},"up":{"uv":[1.75,11.5,1.25,12],"rotation":90,"texture":"#4"},"down":{"uv":[2.75,11.5,2.25,12],"rotation":90,"texture":"#4"}}},{"from":[8.87385,1.93643,9.10475],"to":[9.87385,2.93643,10.10475],"rotation":{"angle":22.5,"axis":"z","origin":[10.30153,-4.22377,9.60475]},"faces":{"north":{"uv":[2.5,12.5,2,12],"rotation":270,"texture":"#4"},"east":{"uv":[3,12.5,3.5,12],"rotation":90,"texture":"#4"},"south":{"uv":[2.5,12.5,2,12],"rotation":270,"texture":"#4"},"west":{"uv":[3.25,11.5,3.75,12],"rotation":90,"texture":"#4"},"up":{"uv":[2.75,12,3.25,11.5],"rotation":180,"texture":"#4"},"down":{"uv":[2,13,2.5,12.5],"rotation":180,"texture":"#4"}}},{"from":[3.16662,-3.78537,9.20475],"to":[4.16662,-2.78537,10.00475],"rotation":{"angle":-45,"axis":"z","origin":[10.30153,-4.22377,9.60475]},"faces":{"north":{"uv":[1,11,1.5,11.5],"texture":"#4"},"east":{"uv":[1,11.5,0.5,12],"texture":"#4"},"south":{"uv":[1.5,11,1,11.5],"texture":"#4"},"west":{"uv":[3.5,10,3,10.5],"texture":"#4"},"up":{"uv":[1,11,1.5,10.5],"rotation":180,"texture":"#4"},"down":{"uv":[1,11,1.5,10.5],"rotation":180,"texture":"#4"}}},{"from":[6.3,-2,6.7],"to":[9.8,1.5,6.7],"rotation":{"angle":0,"axis":"y","origin":[8.05,-0.25,6.8]},"faces":{"north":{"uv":[5.5,13.5,2,10],"texture":"#6"},"east":{"uv":[0,6,0,0],"texture":"#6"},"south":{"uv":[5.5,13.5,2,10],"texture":"#6"},"west":{"uv":[0,6,0,0],"texture":"#6"},"up":{"uv":[3,0,0,0],"rotation":180,"texture":"#6"},"down":{"uv":[3,0,0,0],"rotation":180,"texture":"#6"}}},{"from":[6.3,-2,5.9],"to":[9.8,1.5,5.9],"rotation":{"angle":0,"axis":"y","origin":[8.05,-0.25,5.8]},"faces":{"north":{"uv":[2,10,5.5,13.5],"texture":"#6"},"east":{"uv":[0,6,0,0],"texture":"#6"},"south":{"uv":[2,13.5,5.5,10],"texture":"#6"},"west":{"uv":[0,6,0,0],"texture":"#6"},"up":{"uv":[3,0,0,0],"rotation":180,"texture":"#6"},"down":{"uv":[3,0,0,0],"rotation":180,"texture":"#6"}}},{"from":[7.00781,1.3,5.79525],"to":[9.00781,2.3,6.99525],"rotation":{"angle":0,"axis":"y","origin":[10.30153,-4.22377,6.39525]},"faces":{"north":{"uv":[2.5,11,2,10],"rotation":270,"texture":"#4"},"east":{"uv":[2.5,11.5,2,11],"rotation":270,"texture":"#4"},"south":{"uv":[2,11,2.5,10],"rotation":90,"texture":"#4"},"west":{"uv":[2.5,11.5,2,11],"rotation":270,"texture":"#4"},"up":{"uv":[3.5,11.5,3,10.5],"rotation":90,"texture":"#4"},"down":{"uv":[3,11,2.5,10],"rotation":90,"texture":"#4"}}},{"from":[13.33404,-0.68297,5.99525],"to":[14.33404,0.31703,6.79525],"rotation":{"angle":45,"axis":"z","origin":[10.30153,-4.22377,6.39525]},"faces":{"north":{"uv":[1.5,11,1,11.5],"texture":"#4"},"east":{"uv":[3.5,10,3,10.5],"texture":"#4"},"south":{"uv":[1,11,1.5,11.5],"texture":"#4"},"west":{"uv":[1,11.5,0.5,12],"texture":"#4"},"up":{"uv":[1.5,10.5,1,11],"rotation":180,"texture":"#4"},"down":{"uv":[1.5,10.5,1,11],"rotation":180,"texture":"#4"}}},{"from":[6.67574,0.25742,5.89525],"to":[7.67574,1.25742,6.89525],"rotation":{"angle":-22.5,"axis":"z","origin":[10.30153,-4.22377,6.39525]},"faces":{"north":{"uv":[2.5,12.5,2,12],"rotation":270,"texture":"#4"},"east":{"uv":[3.25,12,3.75,11.5],"rotation":90,"texture":"#4"},"south":{"uv":[2.5,12.5,2,12],"rotation":270,"texture":"#4"},"west":{"uv":[3.25,12,3.75,11.5],"rotation":90,"texture":"#4"},"up":{"uv":[3.25,11.5,2.75,12],"rotation":180,"texture":"#4"},"down":{"uv":[2.5,12.5,2,13],"rotation":180,"texture":"#4"}}},{"from":[7.00781,-3,5.79525],"to":[9.00781,-2,6.99525],"rotation":{"angle":0,"axis":"y","origin":[10.30153,-4.22377,6.39525]},"faces":{"north":{"uv":[1,13,1.5,12],"rotation":270,"texture":"#4"},"east":{"uv":[1.75,12,2.25,11.5],"rotation":270,"texture":"#4"},"south":{"uv":[1.5,13,1,12],"rotation":90,"texture":"#4"},"west":{"uv":[1.75,12,2.25,11.5],"rotation":270,"texture":"#4"},"up":{"uv":[1.5,13,2,12],"rotation":90,"texture":"#4"},"down":{"uv":[2.5,13,3,12],"rotation":90,"texture":"#4"}}},{"from":[9.62579,-2.62433,5.89525],"to":[10.62579,-1.62433,6.89525],"rotation":{"angle":22.5,"axis":"z","origin":[10.30153,-4.22377,6.39525]},"faces":{"north":{"uv":[1.5,11,2,10.5],"rotation":270,"texture":"#4"},"east":{"uv":[1.5,11.5,2,11],"rotation":270,"texture":"#4"},"south":{"uv":[2,11,1.5,10.5],"rotation":90,"texture":"#4"},"west":{"uv":[1.5,11.5,2,11],"rotation":270,"texture":"#4"},"up":{"uv":[1.25,12,1.75,11.5],"rotation":90,"texture":"#4"},"down":{"uv":[2.25,12,2.75,11.5],"rotation":90,"texture":"#4"}}},{"from":[7.96784,-3.29836,5.99525],"to":[8.96784,-2.29836,6.79525],"rotation":{"angle":-45,"axis":"z","origin":[10.30153,-4.22377,6.39525]},"faces":{"north":{"uv":[1,12,0.5,12.5],"texture":"#4"},"east":{"uv":[3,11,2.5,11.5],"texture":"#4"},"south":{"uv":[0.5,12,1,12.5],"texture":"#4"},"west":{"uv":[1,12.5,0.5,13],"texture":"#4"},"up":{"uv":[2,10,1.5,10.5],"rotation":180,"texture":"#4"},"down":{"uv":[2,10,1.5,10.5],"rotation":180,"texture":"#4"}}},{"from":[9.70781,-1.9,5.89525],"to":[10.70781,1.1,6.89525],"rotation":{"angle":0,"axis":"y","origin":[10.30153,-4.22377,6.39525]},"faces":{"north":{"uv":[0.5,10,1,11.5],"texture":"#4"},"east":{"uv":[0.5,10,0,11.5],"texture":"#4"},"south":{"uv":[1,10,0.5,11.5],"texture":"#4"},"west":{"uv":[0.5,11.5,0,13],"texture":"#4"},"up":{"uv":[1.5,10,1,10.5],"rotation":180,"texture":"#4"},"down":{"uv":[1.5,10,1,10.5],"rotation":180,"texture":"#4"}}},{"from":[5.50781,-1.9,5.89525],"to":[6.50781,1.1,6.89525],"rotation":{"angle":0,"axis":"y","origin":[10.30153,-4.22377,6.39525]},"faces":{"north":{"uv":[1,10,0.5,11.5],"texture":"#4"},"east":{"uv":[0,11.5,0.5,13],"texture":"#4"},"south":{"uv":[0.5,10,1,11.5],"texture":"#4"},"west":{"uv":[0,10,0.5,11.5],"texture":"#4"},"up":{"uv":[1,10,1.5,10.5],"rotation":180,"texture":"#4"},"down":{"uv":[1,10,1.5,10.5],"rotation":180,"texture":"#4"}}},{"from":[8.53283,-0.19597,5.99525],"to":[9.53283,0.80403,6.79525],"rotation":{"angle":45,"axis":"z","origin":[10.30153,-4.22377,6.39525]},"faces":{"north":{"uv":[0.5,12,1,12.5],"texture":"#4"},"east":{"uv":[0.5,12.5,1,13],"texture":"#4"},"south":{"uv":[1,12,0.5,12.5],"texture":"#4"},"west":{"uv":[2.5,11,3,11.5],"texture":"#4"},"up":{"uv":[1.5,10,2,10.5],"rotation":180,"texture":"#4"},"down":{"uv":[1.5,10,2,10.5],"rotation":180,"texture":"#4"}}},{"from":[5.9238,-4.30334,5.89525],"to":[6.9238,-3.30334,6.89525],"rotation":{"angle":-22.5,"axis":"z","origin":[10.30153,-4.22377,6.39525]},"faces":{"north":{"uv":[1.5,10.5,2,11],"rotation":270,"texture":"#4"},"east":{"uv":[1.5,11,2,11.5],"rotation":270,"texture":"#4"},"south":{"uv":[2,10.5,1.5,11],"rotation":90,"texture":"#4"},"west":{"uv":[1.5,11,2,11.5],"rotation":270,"texture":"#4"},"up":{"uv":[1.25,11.5,1.75,12],"rotation":90,"texture":"#4"},"down":{"uv":[2.25,11.5,2.75,12],"rotation":90,"texture":"#4"}}},{"from":[8.87385,1.93643,5.89525],"to":[9.87385,2.93643,6.89525],"rotation":{"angle":22.5,"axis":"z","origin":[10.30153,-4.22377,6.39525]},"faces":{"north":{"uv":[2.5,12,2,12.5],"rotation":270,"texture":"#4"},"east":{"uv":[3,12,3.5,12.5],"rotation":90,"texture":"#4"},"south":{"uv":[2.5,12,2,12.5],"rotation":270,"texture":"#4"},"west":{"uv":[3.25,12,3.75,11.5],"rotation":90,"texture":"#4"},"up":{"uv":[2.75,11.5,3.25,12],"rotation":180,"texture":"#4"},"down":{"uv":[2,12.5,2.5,13],"rotation":180,"texture":"#4"}}},{"from":[3.16662,-3.78537,5.99525],"to":[4.16662,-2.78537,6.79525],"rotation":{"angle":-45,"axis":"z","origin":[10.30153,-4.22377,6.39525]},"faces":{"north":{"uv":[1,11,1.5,11.5],"texture":"#4"},"east":{"uv":[0.5,11.5,1,12],"texture":"#4"},"south":{"uv":[1.5,11,1,11.5],"texture":"#4"},"west":{"uv":[3,10,3.5,10.5],"texture":"#4"},"up":{"uv":[1,10.5,1.5,11],"rotation":180,"texture":"#4"},"down":{"uv":[1,10.5,1.5,11],"rotation":180,"texture":"#4"}}},{"from":[9,3,7],"to":[11,5,9],"rotation":{"angle":0,"axis":"y","origin":[16,0,0]},"faces":{"north":{"uv":[12,8.5,13,9.5],"texture":"#1"},"east":{"uv":[13,0,14,1],"texture":"#1"},"south":{"uv":[12,8.5,13,9.5],"texture":"#1"},"west":{"uv":[13,0,14,1],"texture":"#1"},"up":{"uv":[12,8.5,13,9.5],"texture":"#1"},"down":{"uv":[12,8.5,13,9.5],"texture":"#1"}}},{"from":[9,7.5,7],"to":[13,9,9],"rotation":{"angle":0,"axis":"y","origin":[16,0,0]},"faces":{"north":{"uv":[9,9,9.75,7],"rotation":90,"texture":"#1"},"east":{"uv":[11.75,7,12.75,7.75],"texture":"#1"},"south":{"uv":[9,7,9.75,9],"rotation":90,"texture":"#1"},"west":{"uv":[11.75,7,12.75,7.75],"texture":"#1"},"up":{"uv":[14,0,16,1],"texture":"#1"},"down":{"uv":[14,0,16,1],"texture":"#1"}}}],"gui_light":"front","display":{"thirdperson_righthand":{"rotation":[0,90,0],"translation":[0,6.25,1.5],"scale":[0.65,0.65,0.65]},"thirdperson_lefthand":{"rotation":[0,-90,0],"translation":[0,6.25,1.5],"scale":[0.65,0.65,0.65]},"firstperson_righthand":{"rotation":[-175.56,63,170],"translation":[0.5,4.75,0.5],"scale":[0.45,0.45,0.45]},"firstperson_lefthand":{"rotation":[156,-104,170],"translation":[0.5,5,0.5],"scale":[0.45,0.45,0.45]},"ground":{"rotation":[45,0,0],"translation":[-1,9.75,0.75],"scale":[0.52,0.52,0.52]},"gui":{"rotation":[0,0,-45],"translation":[3,4.75,0],"scale":[0.75,0.75,0.75]},"head":{"rotation":[-135.5,0,0],"translation":[0,20.5,4.75],"scale":[0,0,0]},"fixed":{"translation":[-0.5,11.25,-6.25],"scale":[1.5,1.5,1.5]}},"groups":[0,1,2,3,{"name":"group","origin":[9.4,20.9,8],"color":0,"children":[4,5,6,7,8,9,10,11,12,13,14,15,16,17]},{"name":"group","origin":[9.4,20.9,8],"color":0,"children":[18,19,20,21,22,23,24,25,26,27,28,29,30,31]},32,33]}