{"credit":"MadewithBlockbench","texture_size":[32,32],"textures":{"0":"elitecreatures:valentines_animated_weapon_and_tool_set_v1/valentine_tex1","1":"elitecreatures:valentines_animated_weapon_and_tool_set_v1/valentine_tex2","2":"elitecreatures:valentines_animated_weapon_and_tool_set_v1/valentine_tex3","3":"elitecreatures:valentines_animated_weapon_and_tool_set_v1/bowfill","4":"elitecreatures:valentines_animated_weapon_and_tool_set_v1/cameralens1","5":"elitecreatures:valentines_animated_weapon_and_tool_set_v1/heartnitro","6":"elitecreatures:valentines_animated_weapon_and_tool_set_v1/heartrotate","7":"elitecreatures:valentines_animated_weapon_and_tool_set_v1/heartrotate1","particle":"elitecreatures:valentines_animated_weapon_and_tool_set_v1/valentine_tex1"},"elements":[{"from":[5.1,6.1,4],"to":[10.1,7.1,5],"rotation":{"angle":0,"axis":"y","origin":[14,-13.9,0]},"faces":{"north":{"uv":[6.5,10.5,7,13],"rotation":90,"texture":"#2"},"east":{"uv":[6.25,9.5,7.25,10],"texture":"#2"},"south":{"uv":[11,7.5,11.5,10],"rotation":270,"texture":"#2"},"west":{"uv":[6.25,9.5,7.25,10],"texture":"#2"},"up":{"uv":[9.5,7,12,6.5],"texture":"#2"},"down":{"uv":[9.5,6.5,12,7],"texture":"#2"}}},{"from":[5.1,7.1,5],"to":[10.1,10.1,11],"rotation":{"angle":0,"axis":"y","origin":[14,-13.9,0]},"faces":{"north":{"uv":[9,10,10.5,12.5],"rotation":90,"texture":"#2"},"east":{"uv":[7.5,10,9,13],"rotation":270,"texture":"#2"},"south":{"uv":[10.5,10,9,12.5],"rotation":270,"texture":"#2"},"west":{"uv":[7.5,10,9,13],"rotation":270,"texture":"#2"},"up":{"uv":[7.5,7.5,10.5,10],"rotation":270,"texture":"#2"},"down":{"uv":[12,6.5,15,9],"rotation":270,"texture":"#2"}}},{"from":[6.2,10.1,6],"to":[9.2,11.1,10],"rotation":{"angle":0,"axis":"y","origin":[14,-13.9,0]},"faces":{"north":{"uv":[13.5,10,13,11.5],"rotation":90,"texture":"#2"},"east":{"uv":[11,11.5,11.5,13.5],"rotation":270,"texture":"#2"},"south":{"uv":[13,10,13.5,11.5],"rotation":270,"texture":"#2"},"west":{"uv":[11,11.5,11.5,13.5],"rotation":270,"texture":"#2"},"up":{"uv":[11,10,13,11.5],"rotation":270,"texture":"#2"},"down":{"uv":[11,10,13,11.5],"rotation":270,"texture":"#2"}}},{"from":[10.1,6.1,5],"to":[11.1,7.1,11],"rotation":{"angle":0,"axis":"y","origin":[-2,-13.9,0]},"faces":{"north":{"uv":[7.5,13.5,8,13],"rotation":90,"texture":"#2"},"east":{"uv":[10.5,10.5,11,7.5],"rotation":270,"texture":"#2"},"south":{"uv":[7.5,13.5,8,13],"rotation":270,"texture":"#2"},"west":{"uv":[10.5,13.5,11,10.5],"rotation":270,"texture":"#2"},"up":{"uv":[7.5,10.5,7,13.5],"texture":"#2"},"down":{"uv":[7.5,10.5,7,13.5],"texture":"#2"}}},{"from":[5.1,6.1,11],"to":[10.1,7.1,12],"rotation":{"angle":0,"axis":"y","origin":[14,-13.9,16]},"faces":{"north":{"uv":[12,7.5,11.5,10],"rotation":90,"texture":"#2"},"east":{"uv":[7.25,9.5,6.25,10],"texture":"#2"},"south":{"uv":[7,10.5,6.5,13],"rotation":270,"texture":"#2"},"west":{"uv":[7.25,9.5,6.25,10],"texture":"#2"},"up":{"uv":[9.5,6.5,12,7],"texture":"#2"},"down":{"uv":[9.5,7,12,6.5],"texture":"#2"}}},{"from":[4.1,6.1,5],"to":[5.1,7.1,11],"rotation":{"angle":0,"axis":"y","origin":[14,-13.9,0]},"faces":{"north":{"uv":[7.5,13,8,13.5],"rotation":90,"texture":"#2"},"east":{"uv":[10.5,10.5,11,13.5],"rotation":270,"texture":"#2"},"south":{"uv":[7.5,13,8,13.5],"rotation":270,"texture":"#2"},"west":{"uv":[10.5,7.5,11,10.5],"rotation":270,"texture":"#2"},"up":{"uv":[7,10.5,7.5,13.5],"texture":"#2"},"down":{"uv":[7,10.5,7.5,13.5],"texture":"#2"}}},{"from":[8.35126,5.55314,11.10188],"to":[9.35126,7.55314,12.10188],"rotation":{"angle":0,"axis":"y","origin":[8.85126,7.70188,11]},"faces":{"north":{"uv":[5.5,4,6.5,4.5],"rotation":90,"texture":"#0"},"east":{"uv":[1,7.5,2,8],"rotation":90,"texture":"#0"},"south":{"uv":[5.5,4.5,6.5,5],"rotation":90,"texture":"#0"},"west":{"uv":[1,8,2,7.5],"rotation":90,"texture":"#0"},"up":{"uv":[5.5,3.5,6,4],"rotation":180,"texture":"#0"},"down":{"uv":[5.5,3.5,6,4],"texture":"#0"}}},{"from":[8.45126,7.17219,11.0078],"to":[9.25126,8.17219,12.0078],"rotation":{"angle":-22.5,"axis":"x","origin":[8.85126,7.70188,11]},"faces":{"north":{"uv":[5,1.5,5.5,2],"texture":"#0"},"east":{"uv":[5,2,5.5,2.5],"texture":"#0"},"south":{"uv":[5,1,5.5,1.5],"texture":"#0"},"west":{"uv":[5.5,2,5,2.5],"texture":"#0"},"up":{"uv":[5,2.5,5.5,3],"rotation":90,"texture":"#0"},"down":{"uv":[5,3,5.5,3.5],"rotation":270,"texture":"#0"}}},{"from":[6.15126,7.71756,11.06686],"to":[6.75126,8.71756,12.06686],"rotation":{"angle":-45,"axis":"x","origin":[6.45126,7.70188,11]},"faces":{"north":{"uv":[5,3.5,5.25,4],"texture":"#0"},"east":{"uv":[5,4,5.5,4.5],"texture":"#0"},"south":{"uv":[5.25,3.5,5.5,4],"texture":"#0"},"west":{"uv":[5.5,4,5,4.5],"texture":"#0"},"up":{"uv":[5,4.5,5.5,4.75],"rotation":90,"texture":"#0"},"down":{"uv":[5,4.75,5.5,5],"rotation":270,"texture":"#0"}}},{"from":[6.05126,7.17219,11.0078],"to":[6.85126,8.17219,12.0078],"rotation":{"angle":-22.5,"axis":"x","origin":[6.45126,7.70188,11]},"faces":{"north":{"uv":[5,1.5,5.5,2],"texture":"#0"},"east":{"uv":[5,2,5.5,2.5],"texture":"#0"},"south":{"uv":[5,1,5.5,1.5],"texture":"#0"},"west":{"uv":[5.5,2,5,2.5],"texture":"#0"},"up":{"uv":[5,2.5,5.5,3],"rotation":90,"texture":"#0"},"down":{"uv":[5,3,5.5,3.5],"rotation":270,"texture":"#0"}}},{"from":[5.95126,5.55314,11.10188],"to":[6.95126,7.55314,12.10188],"rotation":{"angle":0,"axis":"y","origin":[6.45126,7.70188,11]},"faces":{"north":{"uv":[5.5,4,6.5,4.5],"rotation":90,"texture":"#0"},"east":{"uv":[1,7.5,2,8],"rotation":90,"texture":"#0"},"south":{"uv":[5.5,4.5,6.5,5],"rotation":90,"texture":"#0"},"west":{"uv":[1,8,2,7.5],"rotation":90,"texture":"#0"},"up":{"uv":[5.5,3.5,6,4],"rotation":180,"texture":"#0"},"down":{"uv":[5.5,3.5,6,4],"texture":"#0"}}},{"from":[8.55126,7.71756,11.06686],"to":[9.15126,8.71756,12.06686],"rotation":{"angle":-45,"axis":"x","origin":[8.85126,7.70188,11]},"faces":{"north":{"uv":[5,3.5,5.25,4],"texture":"#0"},"east":{"uv":[5,4,5.5,4.5],"texture":"#0"},"south":{"uv":[5.25,3.5,5.5,4],"texture":"#0"},"west":{"uv":[5.5,4,5,4.5],"texture":"#0"},"up":{"uv":[5,4.5,5.5,4.75],"rotation":90,"texture":"#0"},"down":{"uv":[5,4.75,5.5,5],"rotation":270,"texture":"#0"}}},{"from":[8.35126,5.55314,3.89812],"to":[9.35126,7.55314,4.89812],"rotation":{"angle":0,"axis":"y","origin":[8.85126,7.70188,5]},"faces":{"north":{"uv":[6.5,4.5,5.5,5],"rotation":270,"texture":"#0"},"east":{"uv":[1,8,2,7.5],"rotation":90,"texture":"#0"},"south":{"uv":[6.5,4,5.5,4.5],"rotation":270,"texture":"#0"},"west":{"uv":[1,7.5,2,8],"rotation":90,"texture":"#0"},"up":{"uv":[5.5,4,6,3.5],"rotation":180,"texture":"#0"},"down":{"uv":[5.5,4,6,3.5],"texture":"#0"}}},{"from":[8.45126,7.17219,3.9922],"to":[9.25126,8.17219,4.9922],"rotation":{"angle":22.5,"axis":"x","origin":[8.85126,7.70188,5]},"faces":{"north":{"uv":[5,1.5,5.5,1],"rotation":180,"texture":"#0"},"east":{"uv":[5.5,2,5,2.5],"texture":"#0"},"south":{"uv":[5,2,5.5,1.5],"rotation":180,"texture":"#0"},"west":{"uv":[5,2,5.5,2.5],"texture":"#0"},"up":{"uv":[5.5,2.5,5,3],"rotation":90,"texture":"#0"},"down":{"uv":[5.5,3,5,3.5],"rotation":270,"texture":"#0"}}},{"from":[6.15126,7.71756,3.93314],"to":[6.75126,8.71756,4.93314],"rotation":{"angle":45,"axis":"x","origin":[6.45126,7.70188,5]},"faces":{"north":{"uv":[5.25,4,5.5,3.5],"rotation":180,"texture":"#0"},"east":{"uv":[5.5,4,5,4.5],"texture":"#0"},"south":{"uv":[5,4,5.25,3.5],"rotation":180,"texture":"#0"},"west":{"uv":[5,4,5.5,4.5],"texture":"#0"},"up":{"uv":[5.5,4.5,5,4.75],"rotation":90,"texture":"#0"},"down":{"uv":[5.5,4.75,5,5],"rotation":270,"texture":"#0"}}},{"from":[6.05126,7.17219,3.9922],"to":[6.85126,8.17219,4.9922],"rotation":{"angle":22.5,"axis":"x","origin":[6.45126,7.70188,5]},"faces":{"north":{"uv":[5,1.5,5.5,1],"rotation":180,"texture":"#0"},"east":{"uv":[5.5,2,5,2.5],"texture":"#0"},"south":{"uv":[5,2,5.5,1.5],"rotation":180,"texture":"#0"},"west":{"uv":[5,2,5.5,2.5],"texture":"#0"},"up":{"uv":[5.5,2.5,5,3],"rotation":90,"texture":"#0"},"down":{"uv":[5.5,3,5,3.5],"rotation":270,"texture":"#0"}}},{"from":[5.95126,5.55314,3.89812],"to":[6.95126,7.55314,4.89812],"rotation":{"angle":0,"axis":"y","origin":[6.45126,7.70188,5]},"faces":{"north":{"uv":[6.5,4.5,5.5,5],"rotation":270,"texture":"#0"},"east":{"uv":[1,8,2,7.5],"rotation":90,"texture":"#0"},"south":{"uv":[6.5,4,5.5,4.5],"rotation":270,"texture":"#0"},"west":{"uv":[1,7.5,2,8],"rotation":90,"texture":"#0"},"up":{"uv":[5.5,4,6,3.5],"rotation":180,"texture":"#0"},"down":{"uv":[5.5,4,6,3.5],"texture":"#0"}}},{"from":[8.55126,7.71756,3.93314],"to":[9.15126,8.71756,4.93314],"rotation":{"angle":45,"axis":"x","origin":[8.85126,7.70188,5]},"faces":{"north":{"uv":[5.25,4,5.5,3.5],"rotation":180,"texture":"#0"},"east":{"uv":[5.5,4,5,4.5],"texture":"#0"},"south":{"uv":[5,4,5.25,3.5],"rotation":180,"texture":"#0"},"west":{"uv":[5,4,5.5,4.5],"texture":"#0"},"up":{"uv":[5.5,4.5,5,4.75],"rotation":90,"texture":"#0"},"down":{"uv":[5.5,4.75,5,5],"rotation":270,"texture":"#0"}}},{"from":[6.99847,16.35298,-5.71412],"to":[8.99847,21.35298,6.28588],"rotation":{"angle":45,"axis":"x","origin":[7.99847,17.77623,-3.30475]},"faces":{"north":{"uv":[6,3,7,5.5],"texture":"#2"},"east":{"uv":[14.5,1,8.5,3.5],"texture":"#2"},"south":{"uv":[6,3,7,5.5],"texture":"#2"},"west":{"uv":[8.5,1,14.5,3.5],"texture":"#2"},"up":{"uv":[7,14,13,15],"rotation":90,"texture":"#2"},"down":{"uv":[7,14,13,15],"rotation":270,"texture":"#2"}}},{"from":[7.09847,10.00246,2.49178],"to":[8.89847,13.50246,5.99178],"rotation":{"angle":0,"axis":"y","origin":[7.99847,17.77623,-3.30475]},"faces":{"north":{"uv":[1,13,4.5,15],"rotation":90,"texture":"#1"},"east":{"uv":[11.75,13.75,10,15.5],"rotation":270,"texture":"#1"},"south":{"uv":[4.5,13,1,15],"rotation":90,"texture":"#3"},"west":{"uv":[10,13.75,11.75,15.5],"rotation":90,"texture":"#1"},"up":{"uv":[10.5,10,11.5,11.75],"rotation":180,"texture":"#1"},"down":{"uv":[10.5,10,11.5,11.75],"texture":"#1"}}},{"from":[6.99847,14.35298,-7.71412],"to":[8.99847,16.35298,6.28588],"rotation":{"angle":45,"axis":"x","origin":[7.99847,17.77623,-3.30475]},"faces":{"north":{"uv":[7.5,2,8.5,3],"texture":"#2"},"east":{"uv":[0,13,7,14],"texture":"#2"},"south":{"uv":[7.5,2,8.5,3],"texture":"#2"},"west":{"uv":[0,13,7,14],"texture":"#2"},"up":{"uv":[0,13,7,14],"rotation":90,"texture":"#2"},"down":{"uv":[7,14,14,15],"rotation":270,"texture":"#2"}}},{"from":[6.09847,10.06157,2.75783],"to":[9.89847,13.06157,4.75783],"rotation":{"angle":-22.5,"axis":"x","origin":[7.99847,17.77623,-3.30475]},"faces":{"north":{"uv":[13,11.5,14.5,13.5],"rotation":90,"texture":"#2"},"east":{"uv":[3.5,10,5,11],"rotation":270,"texture":"#2"},"south":{"uv":[1,8,4,12],"rotation":90,"texture":"#3"},"west":{"uv":[5,10,3.5,11],"rotation":90,"texture":"#2"},"up":{"uv":[12,9,14,10],"rotation":180,"texture":"#2"},"down":{"uv":[6.5,9,10.5,11],"texture":"#3"}}},{"from":[5.99847,21.45298,-9.71412],"to":[9.99847,23.45298,4.28588],"rotation":{"angle":45,"axis":"x","origin":[7.99847,17.77623,-3.30475]},"faces":{"north":{"uv":[6.5,13,10.5,15],"texture":"#3"},"east":{"uv":[16,15,9,16],"texture":"#2"},"south":{"uv":[7,15,9,16],"texture":"#2"},"west":{"uv":[9,15,16,16],"texture":"#2"},"up":{"uv":[15,6.5,1,2.5],"rotation":90,"texture":"#3"},"down":{"uv":[6.5,0,13.5,2],"rotation":270,"texture":"#1"}}},{"from":[7.39847,23.3,-6.59847],"to":[8.59847,24.3,-4.59847],"rotation":{"angle":0,"axis":"y","origin":[7.99847,17.77623,-3.30475]},"faces":{"north":{"uv":[2.5,11,2,11.5],"rotation":270,"texture":"#2"},"east":{"uv":[2,10,2.5,11],"rotation":90,"texture":"#2"},"south":{"uv":[2.5,11,2,11.5],"rotation":270,"texture":"#2"},"west":{"uv":[2.5,10,2,11],"rotation":270,"texture":"#2"},"up":{"uv":[3.5,10.5,3,11.5],"texture":"#2"},"down":{"uv":[3,10,2.5,11],"rotation":180,"texture":"#2"}}},{"from":[7.59847,21.31703,-0.27223],"to":[8.39847,22.31703,0.72777],"rotation":{"angle":-45,"axis":"x","origin":[7.99847,17.77623,-3.30475]},"faces":{"north":{"uv":[0.5,11.5,1,12],"texture":"#2"},"east":{"uv":[1.5,11,1,11.5],"texture":"#2"},"south":{"uv":[3,10,3.5,10.5],"texture":"#2"},"west":{"uv":[1,11,1.5,11.5],"texture":"#2"},"up":{"uv":[1,10.5,1.5,11],"rotation":90,"texture":"#2"},"down":{"uv":[1,10.5,1.5,11],"rotation":270,"texture":"#2"}}},{"from":[7.49847,22.25742,-6.93054],"to":[8.49847,23.25742,-5.93054],"rotation":{"angle":22.5,"axis":"x","origin":[7.99847,17.77623,-3.30475]},"faces":{"north":{"uv":[3,12,3.5,12.5],"rotation":90,"texture":"#2"},"east":{"uv":[2.5,12,2,12.5],"rotation":270,"texture":"#2"},"south":{"uv":[3,12,3.5,12.5],"rotation":90,"texture":"#2"},"west":{"uv":[2.5,12,2,12.5],"rotation":270,"texture":"#2"},"up":{"uv":[2.75,11.5,3.25,12],"rotation":90,"texture":"#2"},"down":{"uv":[2,12.5,2.5,13],"rotation":270,"texture":"#2"}}},{"from":[7.39847,19,-6.59847],"to":[8.59847,20,-4.59847],"rotation":{"angle":0,"axis":"y","origin":[7.99847,17.77623,-3.30475]},"faces":{"north":{"uv":[1.75,11.5,2.25,12],"rotation":270,"texture":"#2"},"east":{"uv":[1.5,12,1,13],"rotation":90,"texture":"#2"},"south":{"uv":[1.75,11.5,2.25,12],"rotation":270,"texture":"#2"},"west":{"uv":[1,12,1.5,13],"rotation":270,"texture":"#2"},"up":{"uv":[1.5,12,2,13],"texture":"#2"},"down":{"uv":[2.5,12,3,13],"rotation":180,"texture":"#2"}}},{"from":[7.49847,19.37567,-3.98049],"to":[8.49847,20.37567,-2.98049],"rotation":{"angle":-22.5,"axis":"x","origin":[7.99847,17.77623,-3.30475]},"faces":{"north":{"uv":[1.5,11,2,11.5],"rotation":270,"texture":"#2"},"east":{"uv":[2,10.5,1.5,11],"rotation":90,"texture":"#2"},"south":{"uv":[1.5,11,2,11.5],"rotation":270,"texture":"#2"},"west":{"uv":[1.5,10.5,2,11],"rotation":270,"texture":"#2"},"up":{"uv":[1.25,11.5,1.75,12],"texture":"#2"},"down":{"uv":[2.25,11.5,2.75,12],"rotation":180,"texture":"#2"}}},{"from":[7.59847,18.70164,-5.63844],"to":[8.39847,19.70164,-4.63844],"rotation":{"angle":45,"axis":"x","origin":[7.99847,17.77623,-3.30475]},"faces":{"north":{"uv":[0.5,12.5,1,13],"texture":"#2"},"east":{"uv":[1,12,0.5,12.5],"texture":"#2"},"south":{"uv":[2.5,11,3,11.5],"texture":"#2"},"west":{"uv":[0.5,12,1,12.5],"texture":"#2"},"up":{"uv":[1.5,10,2,10.5],"rotation":90,"texture":"#2"},"down":{"uv":[1.5,10,2,10.5],"rotation":270,"texture":"#2"}}},{"from":[7.49847,20.1,-3.89847],"to":[8.49847,23.1,-2.89847],"rotation":{"angle":0,"axis":"y","origin":[7.99847,17.77623,-3.30475]},"faces":{"north":{"uv":[0,11.5,0.5,13],"texture":"#2"},"east":{"uv":[0.5,10,1,11.5],"texture":"#2"},"south":{"uv":[0,10,0.5,11.5],"texture":"#2"},"west":{"uv":[1,10,0.5,11.5],"texture":"#2"},"up":{"uv":[1,10,1.5,10.5],"rotation":90,"texture":"#2"},"down":{"uv":[1,10,1.5,10.5],"rotation":270,"texture":"#2"}}},{"from":[7.49847,20.1,-8.09847],"to":[8.49847,23.1,-7.09847],"rotation":{"angle":0,"axis":"y","origin":[7.99847,17.77623,-3.30475]},"faces":{"north":{"uv":[0.5,10,0,11.5],"texture":"#2"},"east":{"uv":[1,10,0.5,11.5],"texture":"#2"},"south":{"uv":[0.5,11.5,0,13],"texture":"#2"},"west":{"uv":[0.5,10,1,11.5],"texture":"#2"},"up":{"uv":[1.5,10,1,10.5],"rotation":90,"texture":"#2"},"down":{"uv":[1.5,10,1,10.5],"rotation":270,"texture":"#2"}}},{"from":[7.59847,21.80403,-5.07345],"to":[8.39847,22.80403,-4.07345],"rotation":{"angle":-45,"axis":"x","origin":[7.99847,17.77623,-3.30475]},"faces":{"north":{"uv":[3,11,2.5,11.5],"texture":"#2"},"east":{"uv":[0.5,12,1,12.5],"texture":"#2"},"south":{"uv":[1,12.5,0.5,13],"texture":"#2"},"west":{"uv":[1,12,0.5,12.5],"texture":"#2"},"up":{"uv":[2,10,1.5,10.5],"rotation":90,"texture":"#2"},"down":{"uv":[2,10,1.5,10.5],"rotation":270,"texture":"#2"}}},{"from":[7.49847,17.69666,-7.68248],"to":[8.49847,18.69666,-6.68248],"rotation":{"angle":22.5,"axis":"x","origin":[7.99847,17.77623,-3.30475]},"faces":{"north":{"uv":[1.5,11.5,2,11],"rotation":270,"texture":"#2"},"east":{"uv":[2,11,1.5,10.5],"rotation":90,"texture":"#2"},"south":{"uv":[1.5,11.5,2,11],"rotation":270,"texture":"#2"},"west":{"uv":[1.5,11,2,10.5],"rotation":270,"texture":"#2"},"up":{"uv":[1.25,12,1.75,11.5],"texture":"#2"},"down":{"uv":[2.25,12,2.75,11.5],"rotation":180,"texture":"#2"}}},{"from":[7.49847,23.93643,-4.73243],"to":[8.49847,24.93643,-3.73243],"rotation":{"angle":-22.5,"axis":"x","origin":[7.99847,17.77623,-3.30475]},"faces":{"north":{"uv":[3,12.5,3.5,12],"rotation":90,"texture":"#2"},"east":{"uv":[2.5,12.5,2,12],"rotation":270,"texture":"#2"},"south":{"uv":[3,12.5,3.5,12],"rotation":90,"texture":"#2"},"west":{"uv":[2.5,12.5,2,12],"rotation":270,"texture":"#2"},"up":{"uv":[3.25,11.5,2.75,12],"rotation":90,"texture":"#2"},"down":{"uv":[2.5,12.5,2,13],"rotation":270,"texture":"#2"}}},{"from":[7.59847,18.21463,-10.43966],"to":[8.39847,19.21463,-9.43966],"rotation":{"angle":45,"axis":"x","origin":[7.99847,17.77623,-3.30475]},"faces":{"north":{"uv":[3.5,10,3,10.5],"texture":"#2"},"east":{"uv":[1,11,1.5,11.5],"texture":"#2"},"south":{"uv":[1,11.5,0.5,12],"texture":"#2"},"west":{"uv":[1.5,11,1,11.5],"texture":"#2"},"up":{"uv":[1.5,10.5,1,11],"rotation":90,"texture":"#2"},"down":{"uv":[1.5,10.5,1,11],"rotation":270,"texture":"#2"}}},{"from":[7.99847,19.4,-7.59847],"to":[7.99847,23.9,-3.09847],"rotation":{"angle":0,"axis":"y","origin":[7.99847,17.77623,-3.30475]},"faces":{"north":{"uv":[0,6,0,0],"texture":"#4"},"east":{"uv":[1.5,9.5,6,14],"texture":"#4"},"south":{"uv":[0,6,0,0],"texture":"#4"},"west":{"uv":[1.5,14,6,9.5],"texture":"#4"},"up":{"uv":[0,0,3,0],"rotation":90,"texture":"#4"},"down":{"uv":[0,0,3,0],"rotation":270,"texture":"#4"}}},{"from":[7.59847,19.4,-7.59847],"to":[7.59847,23.9,-3.09847],"rotation":{"angle":0,"axis":"y","origin":[7.99847,17.77623,-3.30475]},"faces":{"north":{"uv":[0,6,0,0],"texture":"#4"},"east":{"uv":[1.5,9.5,6,14],"texture":"#4"},"south":{"uv":[0,6,0,0],"texture":"#4"},"west":{"uv":[1.5,9.5,6,14],"texture":"#4"},"up":{"uv":[0,0,3,0],"rotation":90,"texture":"#4"},"down":{"uv":[0,0,3,0],"rotation":270,"texture":"#4"}}},{"from":[6.99847,16.35298,9.71412],"to":[8.99847,21.35298,21.71412],"rotation":{"angle":-45,"axis":"x","origin":[7.99847,17.77623,19.30475]},"faces":{"north":{"uv":[7,3,6,5.5],"texture":"#2"},"east":{"uv":[8.5,1,14.5,3.5],"texture":"#2"},"south":{"uv":[7,3,6,5.5],"texture":"#2"},"west":{"uv":[14.5,1,8.5,3.5],"texture":"#2"},"up":{"uv":[13,14,7,15],"rotation":90,"texture":"#2"},"down":{"uv":[13,14,7,15],"rotation":270,"texture":"#2"}}},{"from":[7.09847,10.00246,10.00822],"to":[8.89847,13.50246,13.50822],"rotation":{"angle":0,"axis":"y","origin":[7.99847,17.77623,19.30475]},"faces":{"north":{"uv":[4.5,15,1,13],"rotation":90,"texture":"#3"},"east":{"uv":[11.75,15.5,10,13.75],"rotation":270,"texture":"#1"},"south":{"uv":[1,15,4.5,13],"rotation":90,"texture":"#1"},"west":{"uv":[10,15.5,11.75,13.75],"rotation":90,"texture":"#1"},"up":{"uv":[10.5,11.75,11.5,10],"rotation":180,"texture":"#1"},"down":{"uv":[10.5,11.75,11.5,10],"texture":"#1"}}},{"from":[6.99847,14.35298,9.71412],"to":[8.99847,16.35298,23.71412],"rotation":{"angle":-45,"axis":"x","origin":[7.99847,17.77623,19.30475]},"faces":{"north":{"uv":[8.5,2,7.5,3],"texture":"#2"},"east":{"uv":[7,13,0,14],"texture":"#2"},"south":{"uv":[8.5,2,7.5,3],"texture":"#2"},"west":{"uv":[7,13,0,14],"texture":"#2"},"up":{"uv":[7,13,0,14],"rotation":90,"texture":"#2"},"down":{"uv":[14,14,7,15],"rotation":270,"texture":"#2"}}},{"from":[6.09847,10.06157,11.24217],"to":[9.89847,13.06157,13.24217],"rotation":{"angle":22.5,"axis":"x","origin":[7.99847,17.77623,19.30475]},"faces":{"north":{"uv":[1,12,4,8],"rotation":90,"texture":"#3"},"east":{"uv":[3.5,11,5,10],"rotation":270,"texture":"#2"},"south":{"uv":[13,13.5,14.5,11.5],"rotation":90,"texture":"#2"},"west":{"uv":[5,11,3.5,10],"rotation":90,"texture":"#2"},"up":{"uv":[12,10,14,9],"rotation":180,"texture":"#2"},"down":{"uv":[6.5,11,10.5,9],"texture":"#3"}}},{"from":[5.99847,21.45298,11.71412],"to":[9.99847,23.45298,25.71412],"rotation":{"angle":-45,"axis":"x","origin":[7.99847,17.77623,19.30475]},"faces":{"north":{"uv":[9,15,7,16],"texture":"#2"},"east":{"uv":[9,15,16,16],"texture":"#2"},"south":{"uv":[10.5,13,6.5,15],"texture":"#3"},"west":{"uv":[16,15,9,16],"texture":"#2"},"up":{"uv":[1,6.5,15,2.5],"rotation":90,"texture":"#3"},"down":{"uv":[13.5,0,6.5,2],"rotation":270,"texture":"#1"}}},{"from":[7.39847,23.3,20.59847],"to":[8.59847,24.3,22.59847],"rotation":{"angle":0,"axis":"y","origin":[7.99847,17.77623,19.30475]},"faces":{"north":{"uv":[2.5,11.5,2,11],"rotation":270,"texture":"#2"},"east":{"uv":[2,11,2.5,10],"rotation":90,"texture":"#2"},"south":{"uv":[2.5,11.5,2,11],"rotation":270,"texture":"#2"},"west":{"uv":[2.5,11,2,10],"rotation":270,"texture":"#2"},"up":{"uv":[3.5,11.5,3,10.5],"texture":"#2"},"down":{"uv":[3,11,2.5,10],"rotation":180,"texture":"#2"}}},{"from":[7.59847,21.31703,15.27223],"to":[8.39847,22.31703,16.27223],"rotation":{"angle":45,"axis":"x","origin":[7.99847,17.77623,19.30475]},"faces":{"north":{"uv":[3.5,10,3,10.5],"texture":"#2"},"east":{"uv":[1,11,1.5,11.5],"texture":"#2"},"south":{"uv":[1,11.5,0.5,12],"texture":"#2"},"west":{"uv":[1.5,11,1,11.5],"texture":"#2"},"up":{"uv":[1.5,10.5,1,11],"rotation":90,"texture":"#2"},"down":{"uv":[1.5,10.5,1,11],"rotation":270,"texture":"#2"}}},{"from":[7.49847,22.25742,21.93054],"to":[8.49847,23.25742,22.93054],"rotation":{"angle":-22.5,"axis":"x","origin":[7.99847,17.77623,19.30475]},"faces":{"north":{"uv":[3,12.5,3.5,12],"rotation":90,"texture":"#2"},"east":{"uv":[2.5,12.5,2,12],"rotation":270,"texture":"#2"},"south":{"uv":[3,12.5,3.5,12],"rotation":90,"texture":"#2"},"west":{"uv":[2.5,12.5,2,12],"rotation":270,"texture":"#2"},"up":{"uv":[3.25,11.5,2.75,12],"rotation":90,"texture":"#2"},"down":{"uv":[2.5,12.5,2,13],"rotation":270,"texture":"#2"}}},{"from":[7.39847,19,20.59847],"to":[8.59847,20,22.59847],"rotation":{"angle":0,"axis":"y","origin":[7.99847,17.77623,19.30475]},"faces":{"north":{"uv":[1.75,12,2.25,11.5],"rotation":270,"texture":"#2"},"east":{"uv":[1.5,13,1,12],"rotation":90,"texture":"#2"},"south":{"uv":[1.75,12,2.25,11.5],"rotation":270,"texture":"#2"},"west":{"uv":[1,13,1.5,12],"rotation":270,"texture":"#2"},"up":{"uv":[1.5,13,2,12],"texture":"#2"},"down":{"uv":[2.5,13,3,12],"rotation":180,"texture":"#2"}}},{"from":[7.49847,19.37567,18.98049],"to":[8.49847,20.37567,19.98049],"rotation":{"angle":22.5,"axis":"x","origin":[7.99847,17.77623,19.30475]},"faces":{"north":{"uv":[1.5,11.5,2,11],"rotation":270,"texture":"#2"},"east":{"uv":[2,11,1.5,10.5],"rotation":90,"texture":"#2"},"south":{"uv":[1.5,11.5,2,11],"rotation":270,"texture":"#2"},"west":{"uv":[1.5,11,2,10.5],"rotation":270,"texture":"#2"},"up":{"uv":[1.25,12,1.75,11.5],"texture":"#2"},"down":{"uv":[2.25,12,2.75,11.5],"rotation":180,"texture":"#2"}}},{"from":[7.59847,18.70164,20.63844],"to":[8.39847,19.70164,21.63844],"rotation":{"angle":-45,"axis":"x","origin":[7.99847,17.77623,19.30475]},"faces":{"north":{"uv":[3,11,2.5,11.5],"texture":"#2"},"east":{"uv":[0.5,12,1,12.5],"texture":"#2"},"south":{"uv":[1,12.5,0.5,13],"texture":"#2"},"west":{"uv":[1,12,0.5,12.5],"texture":"#2"},"up":{"uv":[2,10,1.5,10.5],"rotation":90,"texture":"#2"},"down":{"uv":[2,10,1.5,10.5],"rotation":270,"texture":"#2"}}},{"from":[7.49847,20.1,18.89847],"to":[8.49847,23.1,19.89847],"rotation":{"angle":0,"axis":"y","origin":[7.99847,17.77623,19.30475]},"faces":{"north":{"uv":[0.5,10,0,11.5],"texture":"#2"},"east":{"uv":[1,10,0.5,11.5],"texture":"#2"},"south":{"uv":[0.5,11.5,0,13],"texture":"#2"},"west":{"uv":[0.5,10,1,11.5],"texture":"#2"},"up":{"uv":[1.5,10,1,10.5],"rotation":90,"texture":"#2"},"down":{"uv":[1.5,10,1,10.5],"rotation":270,"texture":"#2"}}},{"from":[7.49847,20.1,23.09847],"to":[8.49847,23.1,24.09847],"rotation":{"angle":0,"axis":"y","origin":[7.99847,17.77623,19.30475]},"faces":{"north":{"uv":[0,11.5,0.5,13],"texture":"#2"},"east":{"uv":[0.5,10,1,11.5],"texture":"#2"},"south":{"uv":[0,10,0.5,11.5],"texture":"#2"},"west":{"uv":[1,10,0.5,11.5],"texture":"#2"},"up":{"uv":[1,10,1.5,10.5],"rotation":90,"texture":"#2"},"down":{"uv":[1,10,1.5,10.5],"rotation":270,"texture":"#2"}}},{"from":[7.59847,21.80403,20.07345],"to":[8.39847,22.80403,21.07345],"rotation":{"angle":45,"axis":"x","origin":[7.99847,17.77623,19.30475]},"faces":{"north":{"uv":[0.5,12.5,1,13],"texture":"#2"},"east":{"uv":[1,12,0.5,12.5],"texture":"#2"},"south":{"uv":[2.5,11,3,11.5],"texture":"#2"},"west":{"uv":[0.5,12,1,12.5],"texture":"#2"},"up":{"uv":[1.5,10,2,10.5],"rotation":90,"texture":"#2"},"down":{"uv":[1.5,10,2,10.5],"rotation":270,"texture":"#2"}}},{"from":[7.49847,17.69666,22.68248],"to":[8.49847,18.69666,23.68248],"rotation":{"angle":-22.5,"axis":"x","origin":[7.99847,17.77623,19.30475]},"faces":{"north":{"uv":[1.5,11,2,11.5],"rotation":270,"texture":"#2"},"east":{"uv":[2,10.5,1.5,11],"rotation":90,"texture":"#2"},"south":{"uv":[1.5,11,2,11.5],"rotation":270,"texture":"#2"},"west":{"uv":[1.5,10.5,2,11],"rotation":270,"texture":"#2"},"up":{"uv":[1.25,11.5,1.75,12],"texture":"#2"},"down":{"uv":[2.25,11.5,2.75,12],"rotation":180,"texture":"#2"}}},{"from":[7.49847,23.93643,19.73243],"to":[8.49847,24.93643,20.73243],"rotation":{"angle":22.5,"axis":"x","origin":[7.99847,17.77623,19.30475]},"faces":{"north":{"uv":[3,12,3.5,12.5],"rotation":90,"texture":"#2"},"east":{"uv":[2.5,12,2,12.5],"rotation":270,"texture":"#2"},"south":{"uv":[3,12,3.5,12.5],"rotation":90,"texture":"#2"},"west":{"uv":[2.5,12,2,12.5],"rotation":270,"texture":"#2"},"up":{"uv":[2.75,11.5,3.25,12],"rotation":90,"texture":"#2"},"down":{"uv":[2,12.5,2.5,13],"rotation":270,"texture":"#2"}}},{"from":[7.59847,18.21463,25.43966],"to":[8.39847,19.21463,26.43966],"rotation":{"angle":-45,"axis":"x","origin":[7.99847,17.77623,19.30475]},"faces":{"north":{"uv":[0.5,11.5,1,12],"texture":"#2"},"east":{"uv":[1.5,11,1,11.5],"texture":"#2"},"south":{"uv":[3,10,3.5,10.5],"texture":"#2"},"west":{"uv":[1,11,1.5,11.5],"texture":"#2"},"up":{"uv":[1,10.5,1.5,11],"rotation":90,"texture":"#2"},"down":{"uv":[1,10.5,1.5,11],"rotation":270,"texture":"#2"}}},{"from":[7.99847,19.4,19.09847],"to":[7.99847,23.9,23.59847],"rotation":{"angle":0,"axis":"y","origin":[7.99847,17.77623,19.30475]},"faces":{"north":{"uv":[0,6,0,0],"texture":"#4"},"east":{"uv":[6,9.5,1.5,14],"texture":"#4"},"south":{"uv":[0,6,0,0],"texture":"#4"},"west":{"uv":[6,14,1.5,9.5],"texture":"#4"},"up":{"uv":[3,0,0,0],"rotation":90,"texture":"#4"},"down":{"uv":[3,0,0,0],"rotation":270,"texture":"#4"}}},{"from":[7.59847,19.4,19.09847],"to":[7.59847,23.9,23.59847],"rotation":{"angle":0,"axis":"y","origin":[7.99847,17.77623,19.30475]},"faces":{"north":{"uv":[0,6,0,0],"texture":"#4"},"east":{"uv":[6,9.5,1.5,14],"texture":"#4"},"south":{"uv":[0,6,0,0],"texture":"#4"},"west":{"uv":[6,9.5,1.5,14],"texture":"#4"},"up":{"uv":[3,0,0,0],"rotation":90,"texture":"#4"},"down":{"uv":[3,0,0,0],"rotation":270,"texture":"#4"}}},{"from":[7.5,-6,-1],"to":[7.5,10,9],"faces":{"north":{"uv":[0,0,0,16],"texture":"#5"},"east":{"uv":[0,0,10,16],"texture":"#5"},"south":{"uv":[0,0,0,16],"texture":"#5"},"west":{"uv":[10,0,0,16],"texture":"#5"},"up":{"uv":[0,0,0,8],"texture":"#5"},"down":{"uv":[0,0,0,8],"texture":"#5"}}},{"from":[7.5,-6,7],"to":[7.5,10,17],"rotation":{"angle":0,"axis":"y","origin":[0,0,16]},"faces":{"north":{"uv":[0,0,0,16],"texture":"#5"},"east":{"uv":[10,0,0,16],"texture":"#5"},"south":{"uv":[0,0,0,16],"texture":"#5"},"west":{"uv":[0,0,10,16],"texture":"#5"},"up":{"uv":[0,8,0,0],"texture":"#5"},"down":{"uv":[0,8,0,0],"texture":"#5"}}},{"from":[-0.1,12,5],"to":[1.9,23,5],"rotation":{"angle":45,"axis":"z","origin":[-2.1,23.5,-8]},"faces":{"north":{"uv":[15,0,16,5.5],"texture":"#2"},"east":{"uv":[0,0,0,8.5],"texture":"#2"},"south":{"uv":[16,0,15,5.5],"texture":"#2"},"west":{"uv":[0,0,0,8.5],"texture":"#2"},"up":{"uv":[0,0,0,1],"rotation":90,"texture":"#2"},"down":{"uv":[0,0,0,1],"rotation":270,"texture":"#2"}}},{"from":[-0.1,12,11],"to":[1.9,23,11],"rotation":{"angle":45,"axis":"z","origin":[-2.1,23.5,24]},"faces":{"north":{"uv":[15,0,16,5.5],"texture":"#2"},"east":{"uv":[0,0,0,8.5],"texture":"#2"},"south":{"uv":[16,0,15,5.5],"texture":"#2"},"west":{"uv":[0,0,0,8.5],"texture":"#2"},"up":{"uv":[0,0,0,1],"rotation":90,"texture":"#2"},"down":{"uv":[0,0,0,1],"rotation":270,"texture":"#2"}}},{"from":[7,3,18],"to":[7,11,23.5],"rotation":{"angle":0,"axis":"y","origin":[7,3,15]},"faces":{"north":{"uv":[0,0,0,6],"texture":"#6"},"east":{"uv":[0,0,5.5,8],"texture":"#6"},"south":{"uv":[0,0,0,6],"texture":"#6"},"west":{"uv":[5.5,0,0,8],"texture":"#6"},"up":{"uv":[0,6,0,0],"texture":"#6"},"down":{"uv":[0,6,0,0],"texture":"#6"}}},{"from":[7,3,18],"to":[7,11,23.5],"rotation":{"angle":22.5,"axis":"y","origin":[7,7,20.75]},"faces":{"north":{"uv":[0,0,0,6],"texture":"#6"},"east":{"uv":[10.5,0,5,8],"texture":"#6"},"south":{"uv":[0,0,0,6],"texture":"#6"},"west":{"uv":[5,0,10.5,8],"texture":"#6"},"up":{"uv":[0,6,0,0],"texture":"#6"},"down":{"uv":[0,6,0,0],"texture":"#6"}}},{"from":[7,3,18],"to":[7,11,23.5],"rotation":{"angle":45,"axis":"y","origin":[7,7,20.75]},"faces":{"north":{"uv":[0,0,0,6],"texture":"#6"},"east":{"uv":[16,0,10.5,8],"texture":"#6"},"south":{"uv":[0,0,0,6],"texture":"#6"},"west":{"uv":[10.5,0,16,8],"texture":"#6"},"up":{"uv":[0,6,0,0],"texture":"#6"},"down":{"uv":[0,6,0,0],"texture":"#6"}}},{"from":[4.25,3,20.75],"to":[9.75,11,20.75],"rotation":{"angle":-22.5,"axis":"y","origin":[7,7,20.75]},"faces":{"north":{"uv":[5.5,8,0,16],"texture":"#6"},"east":{"uv":[0,0,0,6],"texture":"#6"},"south":{"uv":[0,8,5.5,16],"texture":"#6"},"west":{"uv":[0,0,0,6],"texture":"#6"},"up":{"uv":[0,0,0,6],"rotation":90,"texture":"#6"},"down":{"uv":[0,0,0,6],"rotation":270,"texture":"#6"}}},{"from":[4.25,3,20.75],"to":[9.75,11,20.75],"rotation":{"angle":0,"axis":"y","origin":[7,7,20.75]},"faces":{"north":{"uv":[10.5,8,5,16],"texture":"#6"},"east":{"uv":[0,0,0,6],"texture":"#6"},"south":{"uv":[5,8,10.5,16],"texture":"#6"},"west":{"uv":[0,0,0,6],"texture":"#6"},"up":{"uv":[0,0,0,6],"rotation":90,"texture":"#6"},"down":{"uv":[0,0,0,6],"rotation":270,"texture":"#6"}}},{"from":[4.25,3,20.75],"to":[9.75,11,20.75],"rotation":{"angle":22.5,"axis":"y","origin":[7,7,20.75]},"faces":{"north":{"uv":[16,8,10.5,16],"texture":"#6"},"east":{"uv":[0,0,0,6],"texture":"#6"},"south":{"uv":[10.5,8,16,16],"texture":"#6"},"west":{"uv":[0,0,0,6],"texture":"#6"},"up":{"uv":[0,0,0,6],"rotation":90,"texture":"#6"},"down":{"uv":[0,0,0,6],"rotation":270,"texture":"#6"}}},{"from":[4.25,3,20.75],"to":[9.75,11,20.75],"rotation":{"angle":45,"axis":"y","origin":[7,7,20.75]},"faces":{"north":{"uv":[5.5,0,0,8],"texture":"#7"},"east":{"uv":[0,0,0,6],"texture":"#7"},"south":{"uv":[0,0,5.5,8],"texture":"#7"},"west":{"uv":[0,0,0,6],"texture":"#7"},"up":{"uv":[0,0,0,6],"rotation":90,"texture":"#7"},"down":{"uv":[0,0,0,6],"rotation":270,"texture":"#7"}}},{"from":[7,3,18],"to":[7,11,23.5],"rotation":{"angle":-22.5,"axis":"y","origin":[7,7,20.75]},"faces":{"north":{"uv":[0,0,0,6],"texture":"#7"},"east":{"uv":[5,0,10.5,8],"texture":"#7"},"south":{"uv":[0,0,0,6],"texture":"#7"},"west":{"uv":[10.5,0,5,8],"texture":"#7"},"up":{"uv":[0,6,0,0],"rotation":180,"texture":"#7"},"down":{"uv":[0,6,0,0],"rotation":180,"texture":"#7"}}},{"from":[7,3,18],"to":[7,11,23.5],"rotation":{"angle":0,"axis":"y","origin":[7,7,20.75]},"faces":{"north":{"uv":[0,0,0,6],"texture":"#7"},"east":{"uv":[16,0,10.5,8],"texture":"#7"},"south":{"uv":[0,0,0,6],"texture":"#7"},"west":{"uv":[10.5,0,16,8],"texture":"#7"},"up":{"uv":[0,6,0,0],"rotation":180,"texture":"#7"},"down":{"uv":[0,6,0,0],"rotation":180,"texture":"#7"}}},{"from":[7,3,18],"to":[7,11,23.5],"rotation":{"angle":22.5,"axis":"y","origin":[7,7,20.75]},"faces":{"north":{"uv":[0,0,0,6],"texture":"#7"},"east":{"uv":[5.5,8,0,16],"texture":"#7"},"south":{"uv":[0,0,0,6],"texture":"#7"},"west":{"uv":[0,8,5.5,16],"texture":"#7"},"up":{"uv":[0,6,0,0],"rotation":180,"texture":"#7"},"down":{"uv":[0,6,0,0],"rotation":180,"texture":"#7"}}},{"from":[7,3,18],"to":[7,11,23.5],"rotation":{"angle":45,"axis":"y","origin":[7,7,20.75]},"faces":{"north":{"uv":[0,0,0,6],"texture":"#7"},"east":{"uv":[10.5,8,5,16],"texture":"#7"},"south":{"uv":[0,0,0,6],"texture":"#7"},"west":{"uv":[5,8,10.5,16],"texture":"#7"},"up":{"uv":[0,6,0,0],"rotation":180,"texture":"#7"},"down":{"uv":[0,6,0,0],"rotation":180,"texture":"#7"}}},{"from":[4.25,3,20.75],"to":[9.75,11,20.75],"rotation":{"angle":-22.5,"axis":"y","origin":[7,7,20.75]},"faces":{"north":{"uv":[16,8,10.5,16],"texture":"#7"},"east":{"uv":[0,0,0,6],"texture":"#7"},"south":{"uv":[10.5,8,16,16],"texture":"#7"},"west":{"uv":[0,0,0,6],"texture":"#7"},"up":{"uv":[0,0,0,6],"rotation":270,"texture":"#7"},"down":{"uv":[0,0,0,6],"rotation":90,"texture":"#7"}}},{"from":[7,3,-7.5],"to":[7,11,-2],"rotation":{"angle":0,"axis":"y","origin":[7,3,1]},"faces":{"north":{"uv":[0,0,0,6],"texture":"#6"},"east":{"uv":[5.5,0,0,8],"texture":"#6"},"south":{"uv":[0,0,0,6],"texture":"#6"},"west":{"uv":[0,0,5.5,8],"texture":"#6"},"up":{"uv":[0,0,0,6],"texture":"#6"},"down":{"uv":[0,0,0,6],"texture":"#6"}}},{"from":[7,3,-7.5],"to":[7,11,-2],"rotation":{"angle":-22.5,"axis":"y","origin":[7,7,-4.75]},"faces":{"north":{"uv":[0,0,0,6],"texture":"#6"},"east":{"uv":[5,0,10.5,8],"texture":"#6"},"south":{"uv":[0,0,0,6],"texture":"#6"},"west":{"uv":[10.5,0,5,8],"texture":"#6"},"up":{"uv":[0,0,0,6],"texture":"#6"},"down":{"uv":[0,0,0,6],"texture":"#6"}}},{"from":[7,3,-7.5],"to":[7,11,-2],"rotation":{"angle":-45,"axis":"y","origin":[7,7,-4.75]},"faces":{"north":{"uv":[0,0,0,6],"texture":"#6"},"east":{"uv":[10.5,0,16,8],"texture":"#6"},"south":{"uv":[0,0,0,6],"texture":"#6"},"west":{"uv":[16,0,10.5,8],"texture":"#6"},"up":{"uv":[0,0,0,6],"texture":"#6"},"down":{"uv":[0,0,0,6],"texture":"#6"}}},{"from":[4.25,3,-4.75],"to":[9.75,11,-4.75],"rotation":{"angle":22.5,"axis":"y","origin":[7,7,-4.75]},"faces":{"north":{"uv":[5.5,8,0,16],"texture":"#6"},"east":{"uv":[0,0,0,6],"texture":"#6"},"south":{"uv":[0,8,5.5,16],"texture":"#6"},"west":{"uv":[0,0,0,6],"texture":"#6"},"up":{"uv":[0,0,0,6],"rotation":90,"texture":"#6"},"down":{"uv":[0,0,0,6],"rotation":270,"texture":"#6"}}},{"from":[4.25,3,-4.75],"to":[9.75,11,-4.75],"rotation":{"angle":0,"axis":"y","origin":[7,7,-4.75]},"faces":{"north":{"uv":[10.5,8,5,16],"texture":"#6"},"east":{"uv":[0,0,0,6],"texture":"#6"},"south":{"uv":[5,8,10.5,16],"texture":"#6"},"west":{"uv":[0,0,0,6],"texture":"#6"},"up":{"uv":[0,0,0,6],"rotation":90,"texture":"#6"},"down":{"uv":[0,0,0,6],"rotation":270,"texture":"#6"}}},{"from":[4.25,3,-4.75],"to":[9.75,11,-4.75],"rotation":{"angle":-22.5,"axis":"y","origin":[7,7,-4.75]},"faces":{"north":{"uv":[16,8,10.5,16],"texture":"#6"},"east":{"uv":[0,0,0,6],"texture":"#6"},"south":{"uv":[10.5,8,16,16],"texture":"#6"},"west":{"uv":[0,0,0,6],"texture":"#6"},"up":{"uv":[0,0,0,6],"rotation":90,"texture":"#6"},"down":{"uv":[0,0,0,6],"rotation":270,"texture":"#6"}}},{"from":[4.25,3,-4.75],"to":[9.75,11,-4.75],"rotation":{"angle":-45,"axis":"y","origin":[7,7,-4.75]},"faces":{"north":{"uv":[5.5,0,0,8],"texture":"#7"},"east":{"uv":[0,0,0,6],"texture":"#7"},"south":{"uv":[0,0,5.5,8],"texture":"#7"},"west":{"uv":[0,0,0,6],"texture":"#7"},"up":{"uv":[0,0,0,6],"rotation":90,"texture":"#7"},"down":{"uv":[0,0,0,6],"rotation":270,"texture":"#7"}}},{"from":[7,3,-7.5],"to":[7,11,-2],"rotation":{"angle":22.5,"axis":"y","origin":[7,7,-4.75]},"faces":{"north":{"uv":[0,0,0,6],"texture":"#7"},"east":{"uv":[10.5,0,5,8],"texture":"#7"},"south":{"uv":[0,0,0,6],"texture":"#7"},"west":{"uv":[5,0,10.5,8],"texture":"#7"},"up":{"uv":[0,0,0,6],"rotation":180,"texture":"#7"},"down":{"uv":[0,0,0,6],"rotation":180,"texture":"#7"}}},{"from":[7,3,-7.5],"to":[7,11,-2],"rotation":{"angle":0,"axis":"y","origin":[7,7,-4.75]},"faces":{"north":{"uv":[0,0,0,6],"texture":"#7"},"east":{"uv":[10.5,0,16,8],"texture":"#7"},"south":{"uv":[0,0,0,6],"texture":"#7"},"west":{"uv":[16,0,10.5,8],"texture":"#7"},"up":{"uv":[0,0,0,6],"rotation":180,"texture":"#7"},"down":{"uv":[0,0,0,6],"rotation":180,"texture":"#7"}}},{"from":[7,3,-7.5],"to":[7,11,-2],"rotation":{"angle":-22.5,"axis":"y","origin":[7,7,-4.75]},"faces":{"north":{"uv":[0,0,0,6],"texture":"#7"},"east":{"uv":[0,8,5.5,16],"texture":"#7"},"south":{"uv":[0,0,0,6],"texture":"#7"},"west":{"uv":[5.5,8,0,16],"texture":"#7"},"up":{"uv":[0,0,0,6],"rotation":180,"texture":"#7"},"down":{"uv":[0,0,0,6],"rotation":180,"texture":"#7"}}},{"from":[7,3,-7.5],"to":[7,11,-2],"rotation":{"angle":-45,"axis":"y","origin":[7,7,-4.75]},"faces":{"north":{"uv":[0,0,0,6],"texture":"#7"},"east":{"uv":[5,8,10.5,16],"texture":"#7"},"south":{"uv":[0,0,0,6],"texture":"#7"},"west":{"uv":[10.5,8,5,16],"texture":"#7"},"up":{"uv":[0,0,0,6],"rotation":180,"texture":"#7"},"down":{"uv":[0,0,0,6],"rotation":180,"texture":"#7"}}},{"from":[4.25,3,-4.75],"to":[9.75,11,-4.75],"rotation":{"angle":22.5,"axis":"y","origin":[7,7,-4.75]},"faces":{"north":{"uv":[16,8,10.5,16],"texture":"#7"},"east":{"uv":[0,0,0,6],"texture":"#7"},"south":{"uv":[10.5,8,16,16],"texture":"#7"},"west":{"uv":[0,0,0,6],"texture":"#7"},"up":{"uv":[0,0,0,6],"rotation":270,"texture":"#7"},"down":{"uv":[0,0,0,6],"rotation":90,"texture":"#7"}}},{"from":[6.99847,15.39232,4.44177],"to":[8.99847,19.39232,8.44177],"rotation":{"angle":-45,"axis":"x","origin":[8.59847,18.86205,8]},"faces":{"north":{"uv":[15,7,16,9],"texture":"#2"},"east":{"uv":[14,9,16,11],"texture":"#2"},"south":{"uv":[16,9,15,7],"texture":"#2"},"west":{"uv":[14,9,16,11],"texture":"#2"},"up":{"uv":[14,14,16,15],"rotation":90,"texture":"#2"},"down":{"uv":[16,15,14,14],"rotation":270,"texture":"#2"}}},{"from":[4.99847,15.39232,4.44177],"to":[6.99847,19.39232,8.44177],"rotation":{"angle":-45,"axis":"x","origin":[8.59847,18.86205,8]},"faces":{"north":{"uv":[16,7,15,9],"texture":"#2"},"east":{"uv":[16,9,14,11],"texture":"#2"},"south":{"uv":[15,9,16,7],"texture":"#2"},"west":{"uv":[16,9,14,11],"texture":"#2"},"up":{"uv":[14,15,16,14],"rotation":90,"texture":"#2"},"down":{"uv":[16,14,14,15],"rotation":270,"texture":"#2"}}},{"from":[7.8,15,15.5],"to":[7.8,25,23.5],"rotation":{"angle":-45,"axis":"x","origin":[7.8,23,24.5]},"faces":{"north":{"uv":[0,0,5,0],"rotation":270,"texture":"#1"},"east":{"uv":[11.75,10.5,15.75,15.5],"rotation":180,"texture":"#1"},"south":{"uv":[0,0,5,0],"rotation":270,"texture":"#1"},"west":{"uv":[11.75,15.5,15.75,10.5],"texture":"#1"},"up":{"uv":[0,4,0,0],"texture":"#1"},"down":{"uv":[0,4,0,0],"rotation":180,"texture":"#1"}}},{"from":[7.8,19,-13.5],"to":[7.8,27,-3.5],"rotation":{"angle":0,"axis":"y","origin":[7.8,23,-8.5]},"faces":{"north":{"uv":[0,0,0,4],"texture":"#1"},"east":{"uv":[15.75,10.5,11.75,15.5],"rotation":90,"texture":"#1"},"south":{"uv":[0,0,0,4],"texture":"#1"},"west":{"uv":[15.75,15.5,11.75,10.5],"rotation":90,"texture":"#1"},"up":{"uv":[0,0,5,0],"rotation":90,"texture":"#1"},"down":{"uv":[0,0,5,0],"rotation":270,"texture":"#1"}}},{"from":[7.8,15,-7.5],"to":[7.8,25,0.5],"rotation":{"angle":45,"axis":"x","origin":[7.8,23,-8.5]},"faces":{"north":{"uv":[0,0,5,0],"rotation":270,"texture":"#1"},"east":{"uv":[15.75,10.5,11.75,15.5],"rotation":180,"texture":"#1"},"south":{"uv":[0,0,5,0],"rotation":270,"texture":"#1"},"west":{"uv":[15.75,15.5,11.75,10.5],"texture":"#1"},"up":{"uv":[0,0,0,4],"texture":"#1"},"down":{"uv":[0,0,0,4],"rotation":180,"texture":"#1"}}},{"from":[7.8,19,19.5],"to":[7.8,27,29.5],"rotation":{"angle":0,"axis":"y","origin":[7.5,28,19.5]},"faces":{"north":{"uv":[0,0,0,4],"texture":"#1"},"east":{"uv":[15.75,15.5,11.75,10.5],"rotation":90,"texture":"#1"},"south":{"uv":[0,0,0,4],"texture":"#1"},"west":{"uv":[15.75,10.5,11.75,15.5],"rotation":90,"texture":"#1"},"up":{"uv":[5,0,0,0],"rotation":90,"texture":"#1"},"down":{"uv":[5,0,0,0],"rotation":270,"texture":"#1"}}},{"from":[7,10,13],"to":[10,14,15],"rotation":{"angle":45,"axis":"y","origin":[1.5,7.5,15]},"faces":{"north":{"uv":[11.5,5.75,10,7.75],"texture":"#0"},"east":{"uv":[10,5.75,9,7.75],"texture":"#0"},"south":{"uv":[10,5.75,11.5,7.75],"texture":"#0"},"west":{"uv":[10,5.75,9,7.75],"texture":"#0"},"up":{"uv":[7,1,8.5,0],"texture":"#0"},"down":{"uv":[7,1,8.5,0],"texture":"#0"}}},{"from":[7,10,1],"to":[10,14,3],"rotation":{"angle":-45,"axis":"y","origin":[1.5,7.5,1]},"faces":{"north":{"uv":[10,5.75,11.5,7.75],"texture":"#0"},"east":{"uv":[9,5.75,10,7.75],"texture":"#0"},"south":{"uv":[10,5.75,11.5,7.75],"texture":"#0"},"west":{"uv":[9,5.75,10,7.75],"texture":"#0"},"up":{"uv":[7,0,8.5,1],"texture":"#0"},"down":{"uv":[7,0,8.5,1],"texture":"#0"}}}],"gui_light":"front","display":{"thirdperson_righthand":{"rotation":[44,-139,0],"translation":[-0.5,-1.75,0.25],"scale":[0.64,0.64,0.64]},"thirdperson_lefthand":{"rotation":[-109.86,-90,-180],"translation":[-6,-5.75,-1],"scale":[1.29766,1.29766,1.29766]},"firstperson_righthand":{"rotation":[0,19,0],"translation":[0.5,1.75,1.5],"scale":[0.5,0.5,0.5]},"firstperson_lefthand":{"rotation":[0,-92,0],"translation":[0.5,3,2.25],"scale":[0,0,0]},"ground":{"rotation":[-36,0,0],"translation":[0,9.75,0],"scale":[0.5,0.5,0.5]},"gui":{"rotation":[88,90,-88],"translation":[0,-2.75,-2],"scale":[0.34,0.34,0.34]},"head":{"rotation":[-180,90,-180],"translation":[0.25,-57.75,-0.75],"scale":[2.10352,2.10352,2.10352]},"fixed":{"rotation":[0,-90,0],"translation":[0.25,-9,-3],"scale":[2.06836,2.06836,2.06836]}},"groups":[{"name":"group","origin":[0,0,0],"color":0,"children":[0,1,2,3,4,5,{"name":"group","origin":[8,-9.1,10.5],"color":0,"children":[6,7,8,9,10,11]},{"name":"group","origin":[8,-9.1,10.5],"color":0,"children":[12,13,14,15,16,17]}]},{"name":"group","origin":[0.5,5.5,1],"color":0,"children":[18,19,20,{"name":"group","origin":[-2,20.6,8],"color":0,"children":[]},{"name":"group","origin":[-2,20.6,8],"color":0,"children":[]},21,22,{"name":"group","origin":[9.4,20.9,8],"color":0,"children":[23,24,25,26,27,28,29,30,31,32,33,34]},35,36]},{"name":"group","origin":[0.5,5.5,1],"color":0,"children":[37,38,39,{"name":"group","origin":[-2,20.6,8],"color":0,"children":[]},{"name":"group","origin":[-2,20.6,8],"color":0,"children":[]},40,41,{"name":"group","origin":[9.4,20.9,8],"color":0,"children":[42,43,44,45,46,47,48,49,50,51,52,53]},54,55]},56,57,58,59,{"name":"group","origin":[0,0,0],"color":0,"children":[60,61,62,63,64,65,66,67,68,69,70,71]},{"name":"group","origin":[0,0,0],"color":0,"children":[72,73,74,75,76,77,78,79,80,81,82,83]},84,85,86,87,88,89,{"name":"group","origin":[0.5,3,8],"color":0,"children":[90,91]}]}