{
  "format_version": "1.21.6",
  "credit": "Made with Blockbench",
  "texture_size": [
    128,
    128
  ],
  "textures": {
    "1": "item/chung_4",
    "2": "item/chung_4_white",
    "particle": "item/chung_4"
  },
  "elements": [
    {
      "from": [
        7.625,
        -6.25,
        7.625
      ],
      "to": [
        8.375,
        1.75,
        8.375
      ],
      "rotation": {
        "angle": 45,
        "axis": "y",
        "origin": [
          8,
          -2.25,
          8
        ]
      },
      "faces": {
        "north": {
          "uv": [
            1,
            0,
            1.09375,
            1
          ],
          "texture": "#1"
        },
        "east": {
          "uv": [
            1,
            1.125,
            1.09375,
            2.125
          ],
          "texture": "#1"
        },
        "south": {
          "uv": [
            1.25,
            0,
            1.34375,
            1
          ],
          "texture": "#1"
        },
        "west": {
          "uv": [
            1.25,
            1.125,
            1.34375,
            2.125
          ],
          "texture": "#1"
        },
        "up": {
          "uv": [
            4.34375,
            1.59375,
            4.25,
            1.5
          ],
          "texture": "#1"
        },
        "down": {
          "uv": [
            1.84375,
            4.25,
            1.75,
            4.34375
          ],
          "texture": "#1"
        }
      }
    },
    {
      "from": [
        7.625,
        -6.25,
        7.625
      ],
      "to": [
        8.375,
        1.75,
        8.375
      ],
      "rotation": {
        "angle": 45,
        "axis": "y",
        "origin": [
          8,
          -2.25,
          8
        ]
      },
      "faces": {
        "north": {
          "uv": [
            1,
            0,
            1.09375,
            1
          ],
          "texture": "#2"
        },
        "east": {
          "uv": [
            1,
            1.125,
            1.09375,
            2.125
          ],
          "texture": "#2"
        },
        "south": {
          "uv": [
            1.25,
            0,
            1.34375,
            1
          ],
          "texture": "#2"
        },
        "west": {
          "uv": [
            1.25,
            1.125,
            1.34375,
            2.125
          ],
          "texture": "#2"
        },
        "up": {
          "uv": [
            4.34375,
            1.59375,
            4.25,
            1.5
          ],
          "texture": "#2"
        },
        "down": {
          "uv": [
            1.84375,
            4.25,
            1.75,
            4.34375
          ],
          "texture": "#2"
        }
      }
    },
    {
      "from": [
        7.374,
        0.999,
        7.249
      ],
      "to": [
        8.626,
        2.251,
        8.251
      ],
      "rotation": {
        "angle": -22.5,
        "axis": "x",
        "origin": [
          8,
          1.5,
          8
        ]
      },
      "faces": {
        "north": {
          "uv": [
            1,
            2.625,
            1.15625,
            2.78125
          ],
          "texture": "#2"
        },
        "east": {
          "uv": [
            1,
            3,
            1.125,
            3.15625
          ],
          "texture": "#2"
        },
        "south": {
          "uv": [
            2.625,
            1.75,
            2.78125,
            1.90625
          ],
          "texture": "#2"
        },
        "west": {
          "uv": [
            1.25,
            3,
            1.375,
            3.15625
          ],
          "texture": "#2"
        },
        "up": {
          "uv": [
            3.15625,
            1.75,
            3,
            1.625
          ],
          "texture": "#2"
        },
        "down": {
          "uv": [
            3.15625,
            1.875,
            3,
            2
          ],
          "texture": "#2"
        }
      }
    },
    {
      "from": [
        7.375,
        1,
        7.75
      ],
      "to": [
        8.625,
        2.25,
        8.75
      ],
      "rotation": {
        "angle": 22.5,
        "axis": "x",
        "origin": [
          8,
          1.5,
          8
        ]
      },
      "faces": {
        "north": {
          "uv": [
            2.625,
            2.125,
            2.78125,
            2.28125
          ],
          "texture": "#2"
        },
        "east": {
          "uv": [
            3,
            3,
            3.125,
            3.15625
          ],
          "texture": "#2"
        },
        "south": {
          "uv": [
            2.75,
            0,
            2.90625,
            0.15625
          ],
          "texture": "#2"
        },
        "west": {
          "uv": [
            3.125,
            0,
            3.25,
            0.15625
          ],
          "texture": "#2"
        },
        "up": {
          "uv": [
            3.28125,
            1.25,
            3.125,
            1.125
          ],
          "texture": "#2"
        },
        "down": {
          "uv": [
            3.28125,
            1.375,
            3.125,
            1.5
          ],
          "texture": "#2"
        }
      }
    },
    {
      "from": [
        7.25,
        1.66698,
        7.22119
      ],
      "to": [
        8.75,
        2.91698,
        8.22119
      ],
      "rotation": {
        "angle": 22.5,
        "axis": "x",
        "origin": [
          8,
          2.29198,
          7.72119
        ]
      },
      "faces": {
        "north": {
          "uv": [
            2.125,
            0.375,
            2.3125,
            0.53125
          ],
          "texture": "#2"
        },
        "east": {
          "uv": [
            1.5,
            3,
            1.625,
            3.15625
          ],
          "texture": "#2"
        },
        "south": {
          "uv": [
            2,
            2.125,
            2.1875,
            2.28125
          ],
          "texture": "#2"
        },
        "west": {
          "uv": [
            3,
            2.125,
            3.125,
            2.28125
          ],
          "texture": "#2"
        },
        "up": {
          "uv": [
            2.8125,
            1,
            2.625,
            0.875
          ],
          "texture": "#2"
        },
        "down": {
          "uv": [
            2.9375,
            1.125,
            2.75,
            1.25
          ],
          "texture": "#2"
        }
      }
    },
    {
      "from": [
        7.249,
        1.66598,
        7.77781
      ],
      "to": [
        8.751,
        2.91798,
        8.77981
      ],
      "rotation": {
        "angle": -22.5,
        "axis": "x",
        "origin": [
          8,
          2.29198,
          8.27881
        ]
      },
      "faces": {
        "north": {
          "uv": [
            2.25,
            1.75,
            2.4375,
            1.90625
          ],
          "texture": "#2"
        },
        "east": {
          "uv": [
            1.75,
            3.125,
            1.875,
            3.28125
          ],
          "texture": "#2"
        },
        "south": {
          "uv": [
            2.375,
            0,
            2.5625,
            0.15625
          ],
          "texture": "#2"
        },
        "west": {
          "uv": [
            2,
            3.125,
            2.125,
            3.28125
          ],
          "texture": "#2"
        },
        "up": {
          "uv": [
            3.0625,
            2.625,
            2.875,
            2.5
          ],
          "texture": "#2"
        },
        "down": {
          "uv": [
            3.0625,
            2.75,
            2.875,
            2.875
          ],
          "texture": "#2"
        }
      }
    },
    {
      "from": [
        7.124,
        1.91598,
        6.92019
      ],
      "to": [
        8.876,
        3.66798,
        7.92219
      ],
      "rotation": {
        "angle": 22.5,
        "axis": "x",
        "origin": [
          8,
          2.29198,
          7.72119
        ]
      },
      "faces": {
        "north": {
          "uv": [
            1.5,
            0,
            1.71875,
            0.21875
          ],
          "texture": "#2"
        },
        "east": {
          "uv": [
            1.75,
            2.375,
            1.875,
            2.59375
          ],
          "texture": "#2"
        },
        "south": {
          "uv": [
            1.5,
            0.375,
            1.71875,
            0.59375
          ],
          "texture": "#2"
        },
        "west": {
          "uv": [
            2.375,
            2.125,
            2.5,
            2.34375
          ],
          "texture": "#2"
        },
        "up": {
          "uv": [
            2.59375,
            1.625,
            2.375,
            1.5
          ],
          "texture": "#2"
        },
        "down": {
          "uv": [
            2.71875,
            0.375,
            2.5,
            0.5
          ],
          "texture": "#2"
        }
      }
    },
    {
      "from": [
        7.125,
        1.91698,
        8.07881
      ],
      "to": [
        8.875,
        3.66698,
        9.07881
      ],
      "rotation": {
        "angle": -22.5,
        "axis": "x",
        "origin": [
          8,
          2.29198,
          8.27881
        ]
      },
      "faces": {
        "north": {
          "uv": [
            1.5,
            0.75,
            1.71875,
            0.96875
          ],
          "texture": "#2"
        },
        "east": {
          "uv": [
            2,
            2.5,
            2.125,
            2.71875
          ],
          "texture": "#2"
        },
        "south": {
          "uv": [
            1.5,
            1.125,
            1.71875,
            1.34375
          ],
          "texture": "#2"
        },
        "west": {
          "uv": [
            2.25,
            2.5,
            2.375,
            2.71875
          ],
          "texture": "#2"
        },
        "up": {
          "uv": [
            2.71875,
            2.625,
            2.5,
            2.5
          ],
          "texture": "#2"
        },
        "down": {
          "uv": [
            2.84375,
            0.625,
            2.625,
            0.75
          ],
          "texture": "#2"
        }
      }
    },
    {
      "from": [
        7.25,
        2.66578,
        6.02041
      ],
      "to": [
        8.75,
        3.91578,
        7.02041
      ],
      "rotation": {
        "angle": 22.5,
        "axis": "x",
        "origin": [
          8,
          2.66578,
          7.14541
        ]
      },
      "faces": {
        "north": {
          "uv": [
            2.25,
            0.75,
            2.4375,
            0.90625
          ],
          "texture": "#2"
        },
        "east": {
          "uv": [
            2.875,
            3,
            2.75,
            3.15625
          ],
          "texture": "#2"
        },
        "south": {
          "uv": [
            1,
            2.25,
            1.1875,
            2.40625
          ],
          "texture": "#2"
        },
        "west": {
          "uv": [
            2.75,
            3,
            2.875,
            3.15625
          ],
          "texture": "#2"
        },
        "up": {
          "uv": [
            1.9375,
            3,
            1.75,
            2.875
          ],
          "texture": "#2"
        },
        "down": {
          "uv": [
            2.3125,
            2.875,
            2.125,
            3
          ],
          "texture": "#2"
        }
      }
    },
    {
      "from": [
        7.622,
        3.05976,
        5.56091
      ],
      "to": [
        8.378,
        4.06576,
        6.56691
      ],
      "rotation": {
        "angle": -45,
        "axis": "x",
        "origin": [
          8,
          4.16276,
          5.78891
        ]
      },
      "faces": {
        "north": {
          "uv": [
            3.75,
            3.875,
            3.84375,
            4
          ],
          "texture": "#2"
        },
        "east": {
          "uv": [
            3.5,
            1.375,
            3.625,
            1.5
          ],
          "texture": "#2"
        },
        "south": {
          "uv": [
            4,
            0,
            4.09375,
            0.125
          ],
          "texture": "#2"
        },
        "west": {
          "uv": [
            1.75,
            3.5,
            1.875,
            3.625
          ],
          "texture": "#2"
        },
        "up": {
          "uv": [
            4.09375,
            0.375,
            4,
            0.25
          ],
          "texture": "#2"
        },
        "down": {
          "uv": [
            4.09375,
            0.5,
            4,
            0.625
          ],
          "texture": "#2"
        }
      }
    },
    {
      "from": [
        7.623,
        3.96313,
        5.27137
      ],
      "to": [
        8.377,
        4.96713,
        6.27537
      ],
      "rotation": {
        "angle": 22.5,
        "axis": "x",
        "origin": [
          8,
          4.46513,
          5.52337
        ]
      },
      "faces": {
        "north": {
          "uv": [
            1.25,
            3.875,
            1.34375,
            4
          ],
          "texture": "#2"
        },
        "east": {
          "uv": [
            0.75,
            3.5,
            0.875,
            3.625
          ],
          "texture": "#2"
        },
        "south": {
          "uv": [
            1.5,
            3.875,
            1.59375,
            4
          ],
          "texture": "#2"
        },
        "west": {
          "uv": [
            3.5,
            1.125,
            3.625,
            1.25
          ],
          "texture": "#2"
        },
        "up": {
          "uv": [
            2.59375,
            4,
            2.5,
            3.875
          ],
          "texture": "#2"
        },
        "down": {
          "uv": [
            3.21875,
            3.875,
            3.125,
            4
          ],
          "texture": "#2"
        }
      }
    },
    {
      "from": [
        7.625,
        4.96513,
        5.27337
      ],
      "to": [
        8.375,
        5.96513,
        6.02337
      ],
      "rotation": {
        "angle": 22.5,
        "axis": "x",
        "origin": [
          8,
          4.46513,
          5.52337
        ]
      },
      "faces": {
        "north": {
          "uv": [
            3.75,
            3.375,
            3.84375,
            3.5
          ],
          "texture": "#2"
        },
        "east": {
          "uv": [
            3.5,
            3.75,
            3.59375,
            3.875
          ],
          "texture": "#2"
        },
        "south": {
          "uv": [
            3.75,
            3.625,
            3.84375,
            3.75
          ],
          "texture": "#2"
        },
        "west": {
          "uv": [
            1,
            3.875,
            1.09375,
            4
          ],
          "texture": "#2"
        },
        "up": {
          "uv": [
            4.34375,
            2.09375,
            4.25,
            2
          ],
          "texture": "#2"
        },
        "down": {
          "uv": [
            2.34375,
            4.25,
            2.25,
            4.34375
          ],
          "texture": "#2"
        }
      }
    },
    {
      "from": [
        7.624,
        5.6586,
        6.05834
      ],
      "to": [
        8.376,
        6.6606,
        6.56034
      ],
      "rotation": {
        "angle": 0,
        "axis": "y",
        "origin": [
          8,
          6.1596,
          6.18434
        ]
      },
      "faces": {
        "north": {
          "uv": [
            3.75,
            2.875,
            3.84375,
            3
          ],
          "texture": "#2"
        },
        "east": {
          "uv": [
            4.25,
            3,
            4.3125,
            3.125
          ],
          "texture": "#2"
        },
        "south": {
          "uv": [
            3.75,
            3.125,
            3.84375,
            3.25
          ],
          "texture": "#2"
        },
        "west": {
          "uv": [
            4.25,
            3.25,
            4.3125,
            3.375
          ],
          "texture": "#2"
        },
        "up": {
          "uv": [
            2.59375,
            4.4375,
            2.5,
            4.375
          ],
          "texture": "#2"
        },
        "down": {
          "uv": [
            3.09375,
            4.375,
            3,
            4.4375
          ],
          "texture": "#2"
        }
      }
    },
    {
      "from": [
        7.625,
        6.52587,
        6.13703
      ],
      "to": [
        8.375,
        7.52587,
        6.38703
      ],
      "rotation": {
        "angle": -22.5,
        "axis": "x",
        "origin": [
          8,
          7.02587,
          6.13703
        ]
      },
      "faces": {
        "north": {
          "uv": [
            3.75,
            2.375,
            3.84375,
            2.5
          ],
          "texture": "#2"
        },
        "east": {
          "uv": [
            1.75,
            4.5,
            1.78125,
            4.625
          ],
          "texture": "#2"
        },
        "south": {
          "uv": [
            3.75,
            2.625,
            3.84375,
            2.75
          ],
          "texture": "#2"
        },
        "west": {
          "uv": [
            4.5,
            1.75,
            4.53125,
            1.875
          ],
          "texture": "#2"
        },
        "up": {
          "uv": [
            3.59375,
            4.65625,
            3.5,
            4.625
          ],
          "texture": "#2"
        },
        "down": {
          "uv": [
            4.71875,
            4.25,
            4.625,
            4.28125
          ],
          "texture": "#2"
        }
      }
    },
    {
      "from": [
        7.375,
        2.56618,
        6.33649
      ],
      "to": [
        8.625,
        3.31618,
        7.08649
      ],
      "rotation": {
        "angle": -22.5,
        "axis": "x",
        "origin": [
          8,
          2.94118,
          6.71149
        ]
      },
      "faces": {
        "north": {
          "uv": [
            3.625,
            0,
            3.78125,
            0.09375
          ],
          "texture": "#2"
        },
        "east": {
          "uv": [
            4.25,
            1.75,
            4.34375,
            1.84375
          ],
          "texture": "#2"
        },
        "south": {
          "uv": [
            3.625,
            0.5,
            3.78125,
            0.59375
          ],
          "texture": "#2"
        },
        "west": {
          "uv": [
            2,
            4.25,
            2.09375,
            4.34375
          ],
          "texture": "#2"
        },
        "up": {
          "uv": [
            3.78125,
            0.84375,
            3.625,
            0.75
          ],
          "texture": "#2"
        },
        "down": {
          "uv": [
            1.15625,
            3.625,
            1,
            3.71875
          ],
          "texture": "#2"
        }
      }
    },
    {
      "from": [
        7.375,
        2.56618,
        8.91351
      ],
      "to": [
        8.625,
        3.31618,
        9.66351
      ],
      "rotation": {
        "angle": 22.5,
        "axis": "x",
        "origin": [
          8,
          2.94118,
          9.28851
        ]
      },
      "faces": {
        "north": {
          "uv": [
            1.375,
            3.625,
            1.53125,
            3.71875
          ],
          "texture": "#2"
        },
        "east": {
          "uv": [
            2.75,
            4.25,
            2.84375,
            4.34375
          ],
          "texture": "#2"
        },
        "south": {
          "uv": [
            3.625,
            1.625,
            3.78125,
            1.71875
          ],
          "texture": "#2"
        },
        "west": {
          "uv": [
            4.25,
            2.75,
            4.34375,
            2.84375
          ],
          "texture": "#2"
        },
        "up": {
          "uv": [
            3.78125,
            1.96875,
            3.625,
            1.875
          ],
          "texture": "#2"
        },
        "down": {
          "uv": [
            2.65625,
            3.625,
            2.5,
            3.71875
          ],
          "texture": "#2"
        }
      }
    },
    {
      "from": [
        7.25,
        2.66578,
        8.97959
      ],
      "to": [
        8.75,
        3.91578,
        9.97959
      ],
      "rotation": {
        "angle": -22.5,
        "axis": "x",
        "origin": [
          8,
          2.66578,
          8.85459
        ]
      },
      "faces": {
        "north": {
          "uv": [
            2.375,
            1.125,
            2.5625,
            1.28125
          ],
          "texture": "#2"
        },
        "east": {
          "uv": [
            3.375,
            2.125,
            3.25,
            2.28125
          ],
          "texture": "#2"
        },
        "south": {
          "uv": [
            1.375,
            2.375,
            1.5625,
            2.53125
          ],
          "texture": "#2"
        },
        "west": {
          "uv": [
            3.25,
            2.125,
            3.375,
            2.28125
          ],
          "texture": "#2"
        },
        "up": {
          "uv": [
            3.1875,
            0.75,
            3,
            0.625
          ],
          "texture": "#2"
        },
        "down": {
          "uv": [
            3.1875,
            0.875,
            3,
            1
          ],
          "texture": "#2"
        }
      }
    },
    {
      "from": [
        7.622,
        3.05976,
        9.43309
      ],
      "to": [
        8.378,
        4.06576,
        10.43909
      ],
      "rotation": {
        "angle": 45,
        "axis": "x",
        "origin": [
          8,
          4.16276,
          10.21109
        ]
      },
      "faces": {
        "north": {
          "uv": [
            0.75,
            4.25,
            0.84375,
            4.375
          ],
          "texture": "#2"
        },
        "east": {
          "uv": [
            2.25,
            3.5,
            2.375,
            3.625
          ],
          "texture": "#2"
        },
        "south": {
          "uv": [
            4.25,
            0.75,
            4.34375,
            0.875
          ],
          "texture": "#2"
        },
        "west": {
          "uv": [
            3.5,
            2.375,
            3.625,
            2.5
          ],
          "texture": "#2"
        },
        "up": {
          "uv": [
            4.34375,
            1.125,
            4.25,
            1
          ],
          "texture": "#2"
        },
        "down": {
          "uv": [
            4.34375,
            1.25,
            4.25,
            1.375
          ],
          "texture": "#2"
        }
      }
    },
    {
      "from": [
        7.623,
        3.96313,
        9.72463
      ],
      "to": [
        8.377,
        4.96713,
        10.72863
      ],
      "rotation": {
        "angle": -22.5,
        "axis": "x",
        "origin": [
          8,
          4.46513,
          10.47663
        ]
      },
      "faces": {
        "north": {
          "uv": [
            3.625,
            4.125,
            3.71875,
            4.25
          ],
          "texture": "#2"
        },
        "east": {
          "uv": [
            2,
            3.5,
            2.125,
            3.625
          ],
          "texture": "#2"
        },
        "south": {
          "uv": [
            4.25,
            0,
            4.34375,
            0.125
          ],
          "texture": "#2"
        },
        "west": {
          "uv": [
            3.5,
            2.125,
            3.625,
            2.25
          ],
          "texture": "#2"
        },
        "up": {
          "uv": [
            4.34375,
            0.375,
            4.25,
            0.25
          ],
          "texture": "#2"
        },
        "down": {
          "uv": [
            4.34375,
            0.5,
            4.25,
            0.625
          ],
          "texture": "#2"
        }
      }
    },
    {
      "from": [
        7.625,
        4.96513,
        9.97663
      ],
      "to": [
        8.375,
        5.96513,
        10.72663
      ],
      "rotation": {
        "angle": -22.5,
        "axis": "x",
        "origin": [
          8,
          4.46513,
          10.47663
        ]
      },
      "faces": {
        "north": {
          "uv": [
            1.25,
            4.125,
            1.34375,
            4.25
          ],
          "texture": "#2"
        },
        "east": {
          "uv": [
            1.5,
            4.125,
            1.59375,
            4.25
          ],
          "texture": "#2"
        },
        "south": {
          "uv": [
            2.5,
            4.125,
            2.59375,
            4.25
          ],
          "texture": "#2"
        },
        "west": {
          "uv": [
            3.125,
            4.125,
            3.21875,
            4.25
          ],
          "texture": "#2"
        },
        "up": {
          "uv": [
            4.34375,
            2.34375,
            4.25,
            2.25
          ],
          "texture": "#2"
        },
        "down": {
          "uv": [
            4.34375,
            2.5,
            4.25,
            2.59375
          ],
          "texture": "#2"
        }
      }
    },
    {
      "from": [
        7.624,
        5.6586,
        9.43966
      ],
      "to": [
        8.376,
        6.6606,
        9.94166
      ],
      "rotation": {
        "angle": 0,
        "axis": "y",
        "origin": [
          8,
          6.1596,
          9.81566
        ]
      },
      "faces": {
        "north": {
          "uv": [
            4,
            4,
            4.09375,
            4.125
          ],
          "texture": "#2"
        },
        "east": {
          "uv": [
            3.375,
            4.25,
            3.4375,
            4.375
          ],
          "texture": "#2"
        },
        "south": {
          "uv": [
            1,
            4.125,
            1.09375,
            4.25
          ],
          "texture": "#2"
        },
        "west": {
          "uv": [
            4.25,
            3.5,
            4.3125,
            3.625
          ],
          "texture": "#2"
        },
        "up": {
          "uv": [
            3.71875,
            4.4375,
            3.625,
            4.375
          ],
          "texture": "#2"
        },
        "down": {
          "uv": [
            4.46875,
            4.25,
            4.375,
            4.3125
          ],
          "texture": "#2"
        }
      }
    },
    {
      "from": [
        7.625,
        6.52587,
        9.61297
      ],
      "to": [
        8.375,
        7.52587,
        9.86297
      ],
      "rotation": {
        "angle": 22.5,
        "axis": "x",
        "origin": [
          8,
          7.02587,
          9.86297
        ]
      },
      "faces": {
        "north": {
          "uv": [
            4,
            3.5,
            4.09375,
            3.625
          ],
          "texture": "#2"
        },
        "east": {
          "uv": [
            0.5,
            4.625,
            0.53125,
            4.75
          ],
          "texture": "#2"
        },
        "south": {
          "uv": [
            4,
            3.75,
            4.09375,
            3.875
          ],
          "texture": "#2"
        },
        "west": {
          "uv": [
            1,
            4.625,
            1.03125,
            4.75
          ],
          "texture": "#2"
        },
        "up": {
          "uv": [
            2.84375,
            4.78125,
            2.75,
            4.75
          ],
          "texture": "#2"
        },
        "down": {
          "uv": [
            4.84375,
            2.75,
            4.75,
            2.78125
          ],
          "texture": "#2"
        }
      }
    },
    {
      "from": [
        7.499,
        1.99272,
        7.499
      ],
      "to": [
        8.501,
        4.49472,
        8.501
      ],
      "rotation": {
        "angle": 0,
        "axis": "y",
        "origin": [
          8,
          2.86872,
          8
        ]
      },
      "faces": {
        "north": {
          "uv": [
            1.5,
            1.5,
            1.625,
            1.8125
          ],
          "texture": "#2"
        },
        "east": {
          "uv": [
            1.75,
            1.5,
            1.875,
            1.8125
          ],
          "texture": "#2"
        },
        "south": {
          "uv": [
            1.875,
            0,
            2,
            0.3125
          ],
          "texture": "#2"
        },
        "west": {
          "uv": [
            1.875,
            0.5,
            2,
            0.8125
          ],
          "texture": "#2"
        },
        "up": {
          "uv": [
            3.375,
            3.375,
            3.25,
            3.25
          ],
          "texture": "#2"
        },
        "down": {
          "uv": [
            3.5,
            0,
            3.375,
            0.125
          ],
          "texture": "#2"
        }
      }
    },
    {
      "from": [
        7.25,
        4.24372,
        7.5
      ],
      "to": [
        8.75,
        5.24372,
        8.5
      ],
      "rotation": {
        "angle": -45,
        "axis": "x",
        "origin": [
          8,
          4.74372,
          8
        ]
      },
      "faces": {
        "north": {
          "uv": [
            1.375,
            2.75,
            1.5625,
            2.875
          ],
          "texture": "#2"
        },
        "east": {
          "uv": [
            3.5,
            0.875,
            3.375,
            1
          ],
          "texture": "#2"
        },
        "south": {
          "uv": [
            2.75,
            1.375,
            2.9375,
            1.5
          ],
          "texture": "#2"
        },
        "west": {
          "uv": [
            3.375,
            0.875,
            3.5,
            1
          ],
          "texture": "#2"
        },
        "up": {
          "uv": [
            2.6875,
            2.875,
            2.5,
            2.75
          ],
          "texture": "#2"
        },
        "down": {
          "uv": [
            3.0625,
            0.375,
            2.875,
            0.5
          ],
          "texture": "#2"
        }
      }
    },
    {
      "from": [
        7.625,
        4.95083,
        7.5
      ],
      "to": [
        8.375,
        5.95083,
        7.75
      ],
      "rotation": {
        "angle": 0,
        "axis": "y",
        "origin": [
          8,
          5.45083,
          8
        ]
      },
      "faces": {
        "north": {
          "uv": [
            0.75,
            4,
            0.84375,
            4.125
          ],
          "texture": "#2"
        },
        "east": {
          "uv": [
            2,
            4.5,
            2.03125,
            4.625
          ],
          "texture": "#2"
        },
        "south": {
          "uv": [
            4,
            0.75,
            4.09375,
            0.875
          ],
          "texture": "#2"
        },
        "west": {
          "uv": [
            4.5,
            2,
            4.53125,
            2.125
          ],
          "texture": "#2"
        },
        "up": {
          "uv": [
            4.71875,
            4.53125,
            4.625,
            4.5
          ],
          "texture": "#2"
        },
        "down": {
          "uv": [
            4.84375,
            0,
            4.75,
            0.03125
          ],
          "texture": "#2"
        }
      }
    },
    {
      "from": [
        7.625,
        4.95083,
        8.25
      ],
      "to": [
        8.375,
        5.95083,
        8.5
      ],
      "rotation": {
        "angle": 0,
        "axis": "y",
        "origin": [
          8,
          5.45083,
          8
        ]
      },
      "faces": {
        "north": {
          "uv": [
            4,
            1,
            4.09375,
            1.125
          ],
          "texture": "#2"
        },
        "east": {
          "uv": [
            2.25,
            4.5,
            2.28125,
            4.625
          ],
          "texture": "#2"
        },
        "south": {
          "uv": [
            4,
            1.25,
            4.09375,
            1.375
          ],
          "texture": "#2"
        },
        "west": {
          "uv": [
            4.5,
            2.25,
            4.53125,
            2.375
          ],
          "texture": "#2"
        },
        "up": {
          "uv": [
            4.84375,
            0.28125,
            4.75,
            0.25
          ],
          "texture": "#2"
        },
        "down": {
          "uv": [
            4.84375,
            0.5,
            4.75,
            0.53125
          ],
          "texture": "#2"
        }
      }
    },
    {
      "from": [
        7.875,
        4.95083,
        7.875
      ],
      "to": [
        8.125,
        8.45083,
        8.125
      ],
      "rotation": {
        "angle": 0,
        "axis": "y",
        "origin": [
          8,
          5.45083,
          8.125
        ]
      },
      "faces": {
        "north": {
          "uv": [
            2.875,
            3.625,
            2.90625,
            4.0625
          ],
          "texture": "#2"
        },
        "east": {
          "uv": [
            0,
            3.75,
            0.03125,
            4.1875
          ],
          "texture": "#2"
        },
        "south": {
          "uv": [
            0.25,
            3.75,
            0.28125,
            4.1875
          ],
          "texture": "#2"
        },
        "west": {
          "uv": [
            0.5,
            3.75,
            0.53125,
            4.1875
          ],
          "texture": "#2"
        },
        "up": {
          "uv": [
            4.78125,
            3.03125,
            4.75,
            3
          ],
          "texture": "#2"
        },
        "down": {
          "uv": [
            3.28125,
            4.75,
            3.25,
            4.78125
          ],
          "texture": "#2"
        }
      }
    },
    {
      "from": [
        8,
        4.95083,
        6.625
      ],
      "to": [
        8,
        31.45083,
        9.375
      ],
      "rotation": {
        "angle": 0,
        "axis": "y",
        "origin": [
          8,
          5.45083,
          8.125
        ]
      },
      "faces": {
        "north": {
          "uv": [
            4.25,
            4.75,
            4.25,
            8.0625
          ],
          "texture": "#1"
        },
        "east": {
          "uv": [
            0.5,
            0,
            0.84375,
            3.3125
          ],
          "texture": "#1"
        },
        "south": {
          "uv": [
            4.375,
            4.75,
            4.375,
            8.0625
          ],
          "texture": "#1"
        },
        "west": {
          "uv": [
            0.5,
            0,
            0.84375,
            3.3125
          ],
          "texture": "#1"
        },
        "up": {
          "uv": [
            4.5,
            5.09375,
            4.5,
            4.75
          ],
          "texture": "#1"
        },
        "down": {
          "uv": [
            4.625,
            4.75,
            4.625,
            5.09375
          ],
          "texture": "#1"
        }
      }
    },
    {
      "from": [
        8,
        4.95083,
        6.625
      ],
      "to": [
        8,
        31.45083,
        9.375
      ],
      "rotation": {
        "angle": 0,
        "axis": "y",
        "origin": [
          8,
          5.45083,
          8.125
        ]
      },
      "faces": {
        "north": {
          "uv": [
            4.25,
            4.75,
            4.25,
            8.0625
          ],
          "texture": "#2"
        },
        "east": {
          "uv": [
            0.5,
            0,
            0.84375,
            3.3125
          ],
          "texture": "#2"
        },
        "south": {
          "uv": [
            4.375,
            4.75,
            4.375,
            8.0625
          ],
          "texture": "#2"
        },
        "west": {
          "uv": [
            0.5,
            0,
            0.84375,
            3.3125
          ],
          "texture": "#2"
        },
        "up": {
          "uv": [
            4.5,
            5.09375,
            4.5,
            4.75
          ],
          "texture": "#2"
        },
        "down": {
          "uv": [
            4.625,
            4.75,
            4.625,
            5.09375
          ],
          "texture": "#2"
        }
      }
    },
    {
      "from": [
        7.999,
        8.19983,
        7.749
      ],
      "to": [
        8.001,
        8.70183,
        8.251
      ],
      "rotation": {
        "angle": -45,
        "axis": "x",
        "origin": [
          8,
          8.45083,
          8
        ]
      },
      "faces": {
        "north": {
          "uv": [
            2.125,
            0.75,
            2.125,
            0.8125
          ],
          "texture": "#2"
        },
        "east": {
          "uv": [
            0,
            4.625,
            0.0625,
            4.6875
          ],
          "texture": "#2"
        },
        "south": {
          "uv": [
            2.25,
            1.125,
            2.25,
            1.1875
          ],
          "texture": "#2"
        },
        "west": {
          "uv": [
            0.25,
            4.625,
            0.3125,
            4.6875
          ],
          "texture": "#2"
        },
        "up": {
          "uv": [
            3.125,
            3.6875,
            3.125,
            3.625
          ],
          "texture": "#2"
        },
        "down": {
          "uv": [
            2.75,
            3.875,
            2.75,
            3.9375
          ],
          "texture": "#2"
        }
      }
    },
    {
      "from": [
        7.875,
        8.30083,
        7.875
      ],
      "to": [
        8.125,
        8.55083,
        8.125
      ],
      "rotation": {
        "angle": -45,
        "axis": "x",
        "origin": [
          8,
          8.42583,
          8
        ]
      },
      "faces": {
        "north": {
          "uv": [
            4.75,
            3.25,
            4.78125,
            3.28125
          ],
          "texture": "#2"
        },
        "east": {
          "uv": [
            4.75,
            3.5,
            4.78125,
            3.53125
          ],
          "texture": "#2"
        },
        "south": {
          "uv": [
            3.75,
            4.75,
            3.78125,
            4.78125
          ],
          "texture": "#2"
        },
        "west": {
          "uv": [
            4.75,
            3.75,
            4.78125,
            3.78125
          ],
          "texture": "#2"
        },
        "up": {
          "uv": [
            4.03125,
            4.78125,
            4,
            4.75
          ],
          "texture": "#2"
        },
        "down": {
          "uv": [
            4.78125,
            4,
            4.75,
            4.03125
          ],
          "texture": "#2"
        }
      }
    },
    {
      "from": [
        7.5,
        4.24372,
        8
      ],
      "to": [
        8.5,
        5.24372,
        9
      ],
      "rotation": {
        "angle": -45,
        "axis": "x",
        "origin": [
          8,
          4.74372,
          8.5
        ]
      },
      "faces": {
        "north": {
          "uv": [
            1,
            3.375,
            1.125,
            3.5
          ],
          "texture": "#2"
        },
        "east": {
          "uv": [
            1.25,
            3.375,
            1.375,
            3.5
          ],
          "texture": "#2"
        },
        "south": {
          "uv": [
            1.5,
            3.375,
            1.625,
            3.5
          ],
          "texture": "#2"
        },
        "west": {
          "uv": [
            3.375,
            1.625,
            3.5,
            1.75
          ],
          "texture": "#2"
        },
        "up": {
          "uv": [
            3.5,
            2,
            3.375,
            1.875
          ],
          "texture": "#2"
        },
        "down": {
          "uv": [
            2.625,
            3.375,
            2.5,
            3.5
          ],
          "texture": "#2"
        }
      }
    },
    {
      "from": [
        7.5,
        4.24372,
        7
      ],
      "to": [
        8.5,
        5.24372,
        8
      ],
      "rotation": {
        "angle": 45,
        "axis": "x",
        "origin": [
          8,
          4.74372,
          7.5
        ]
      },
      "faces": {
        "north": {
          "uv": [
            2.75,
            3.375,
            2.875,
            3.5
          ],
          "texture": "#2"
        },
        "east": {
          "uv": [
            3,
            3.375,
            3.125,
            3.5
          ],
          "texture": "#2"
        },
        "south": {
          "uv": [
            0,
            3.5,
            0.125,
            3.625
          ],
          "texture": "#2"
        },
        "west": {
          "uv": [
            0.25,
            3.5,
            0.375,
            3.625
          ],
          "texture": "#2"
        },
        "up": {
          "uv": [
            3.625,
            0.375,
            3.5,
            0.25
          ],
          "texture": "#2"
        },
        "down": {
          "uv": [
            0.625,
            3.5,
            0.5,
            3.625
          ],
          "texture": "#2"
        }
      }
    },
    {
      "from": [
        7.25,
        -7,
        7.25
      ],
      "to": [
        8.75,
        -6.75,
        8.75
      ],
      "rotation": {
        "angle": 0,
        "axis": "y",
        "origin": [
          7,
          0,
          -2
        ]
      },
      "faces": {
        "north": {
          "uv": [
            0,
            4.375,
            0.1875,
            4.40625
          ],
          "texture": "#2"
        },
        "east": {
          "uv": [
            0.375,
            4.375,
            0.5625,
            4.40625
          ],
          "texture": "#2"
        },
        "south": {
          "uv": [
            1,
            4.375,
            1.1875,
            4.40625
          ],
          "texture": "#2"
        },
        "west": {
          "uv": [
            1.375,
            4.375,
            1.5625,
            4.40625
          ],
          "texture": "#2"
        },
        "up": {
          "uv": [
            2.0625,
            1.1875,
            1.875,
            1
          ],
          "texture": "#2"
        },
        "down": {
          "uv": [
            2.1875,
            1.375,
            2,
            1.5625
          ],
          "texture": "#2"
        }
      }
    },
    {
      "from": [
        7.5,
        -7.75,
        7.5
      ],
      "to": [
        8.5,
        -7,
        8.5
      ],
      "rotation": {
        "angle": 0,
        "axis": "y",
        "origin": [
          7,
          0,
          -2
        ]
      },
      "faces": {
        "north": {
          "uv": [
            3.75,
            0.25,
            3.875,
            0.34375
          ],
          "texture": "#2"
        },
        "east": {
          "uv": [
            0.75,
            3.75,
            0.875,
            3.84375
          ],
          "texture": "#2"
        },
        "south": {
          "uv": [
            3.75,
            1,
            3.875,
            1.09375
          ],
          "texture": "#2"
        },
        "west": {
          "uv": [
            3.75,
            1.25,
            3.875,
            1.34375
          ],
          "texture": "#2"
        },
        "up": {
          "uv": [
            3.375,
            0.5,
            3.25,
            0.375
          ],
          "texture": "#2"
        },
        "down": {
          "uv": [
            3.375,
            2.5,
            3.25,
            2.625
          ],
          "texture": "#2"
        }
      }
    },
    {
      "from": [
        7.5,
        -6.75,
        7.5
      ],
      "to": [
        8.5,
        -6.5,
        8.5
      ],
      "rotation": {
        "angle": 0,
        "axis": "y",
        "origin": [
          7,
          0,
          -2
        ]
      },
      "faces": {
        "north": {
          "uv": [
            4.5,
            0,
            4.625,
            0.03125
          ],
          "texture": "#2"
        },
        "east": {
          "uv": [
            4.5,
            0.25,
            4.625,
            0.28125
          ],
          "texture": "#2"
        },
        "south": {
          "uv": [
            4.5,
            0.5,
            4.625,
            0.53125
          ],
          "texture": "#2"
        },
        "west": {
          "uv": [
            0.75,
            4.5,
            0.875,
            4.53125
          ],
          "texture": "#2"
        },
        "up": {
          "uv": [
            3.375,
            2.875,
            3.25,
            2.75
          ],
          "texture": "#2"
        },
        "down": {
          "uv": [
            3.375,
            3,
            3.25,
            3.125
          ],
          "texture": "#2"
        }
      }
    },
    {
      "from": [
        7.625,
        -5.91202,
        7.29914
      ],
      "to": [
        8.375,
        -4.91202,
        7.54914
      ],
      "rotation": {
        "angle": 22.5,
        "axis": "x",
        "origin": [
          8,
          -5.41202,
          7.42414
        ]
      },
      "faces": {
        "north": {
          "uv": [
            1.75,
            3.75,
            1.84375,
            3.875
          ],
          "texture": "#2"
        },
        "east": {
          "uv": [
            4.5,
            0.75,
            4.53125,
            0.875
          ],
          "texture": "#2"
        },
        "south": {
          "uv": [
            2,
            3.75,
            2.09375,
            3.875
          ],
          "texture": "#2"
        },
        "west": {
          "uv": [
            4.5,
            1,
            4.53125,
            1.125
          ],
          "texture": "#2"
        },
        "up": {
          "uv": [
            1.34375,
            4.65625,
            1.25,
            4.625
          ],
          "texture": "#2"
        },
        "down": {
          "uv": [
            1.59375,
            4.625,
            1.5,
            4.65625
          ],
          "texture": "#2"
        }
      }
    },
    {
      "from": [
        7.625,
        -6.74022,
        7.29914
      ],
      "to": [
        8.375,
        -5.74022,
        7.54914
      ],
      "rotation": {
        "angle": -22.5,
        "axis": "x",
        "origin": [
          8,
          -6.24022,
          7.42414
        ]
      },
      "faces": {
        "north": {
          "uv": [
            3.75,
            2.125,
            3.84375,
            2.25
          ],
          "texture": "#2"
        },
        "east": {
          "uv": [
            4.5,
            1.25,
            4.53125,
            1.375
          ],
          "texture": "#2"
        },
        "south": {
          "uv": [
            2.25,
            3.75,
            2.34375,
            3.875
          ],
          "texture": "#2"
        },
        "west": {
          "uv": [
            4.5,
            1.5,
            4.53125,
            1.625
          ],
          "texture": "#2"
        },
        "up": {
          "uv": [
            2.59375,
            4.65625,
            2.5,
            4.625
          ],
          "texture": "#2"
        },
        "down": {
          "uv": [
            3.09375,
            4.625,
            3,
            4.65625
          ],
          "texture": "#2"
        }
      }
    },
    {
      "from": [
        7.625,
        -5.91202,
        8.45086
      ],
      "to": [
        8.375,
        -4.91202,
        8.70086
      ],
      "rotation": {
        "angle": -22.5,
        "axis": "x",
        "origin": [
          8,
          -5.41202,
          8.57586
        ]
      },
      "faces": {
        "north": {
          "uv": [
            4,
            1.75,
            4.09375,
            1.875
          ],
          "texture": "#2"
        },
        "east": {
          "uv": [
            4.5,
            2.75,
            4.53125,
            2.875
          ],
          "texture": "#2"
        },
        "south": {
          "uv": [
            2,
            4,
            2.09375,
            4.125
          ],
          "texture": "#2"
        },
        "west": {
          "uv": [
            4.5,
            3,
            4.53125,
            3.125
          ],
          "texture": "#2"
        },
        "up": {
          "uv": [
            4.84375,
            1.03125,
            4.75,
            1
          ],
          "texture": "#2"
        },
        "down": {
          "uv": [
            4.84375,
            1.25,
            4.75,
            1.28125
          ],
          "texture": "#2"
        }
      }
    },
    {
      "from": [
        7.625,
        -6.74022,
        8.45086
      ],
      "to": [
        8.375,
        -5.74022,
        8.70086
      ],
      "rotation": {
        "angle": 22.5,
        "axis": "x",
        "origin": [
          8,
          -6.24022,
          8.57586
        ]
      },
      "faces": {
        "north": {
          "uv": [
            4,
            1.5,
            4.09375,
            1.625
          ],
          "texture": "#2"
        },
        "east": {
          "uv": [
            4.5,
            2.5,
            4.53125,
            2.625
          ],
          "texture": "#2"
        },
        "south": {
          "uv": [
            1.75,
            4,
            1.84375,
            4.125
          ],
          "texture": "#2"
        },
        "west": {
          "uv": [
            2.75,
            4.5,
            2.78125,
            4.625
          ],
          "texture": "#2"
        },
        "up": {
          "uv": [
            0.84375,
            4.78125,
            0.75,
            4.75
          ],
          "texture": "#2"
        },
        "down": {
          "uv": [
            4.84375,
            0.75,
            4.75,
            0.78125
          ],
          "texture": "#2"
        }
      }
    },
    {
      "from": [
        8.56549,
        -6.16391,
        7.625
      ],
      "to": [
        8.81549,
        -5.16391,
        8.375
      ],
      "rotation": {
        "angle": 22.5,
        "axis": "z",
        "origin": [
          8,
          -5.82612,
          8
        ]
      },
      "faces": {
        "north": {
          "uv": [
            4.125,
            4.5,
            4.15625,
            4.625
          ],
          "texture": "#2"
        },
        "east": {
          "uv": [
            4,
            3.25,
            4.09375,
            3.375
          ],
          "texture": "#2"
        },
        "south": {
          "uv": [
            4.375,
            4.5,
            4.40625,
            4.625
          ],
          "texture": "#2"
        },
        "west": {
          "uv": [
            3.375,
            4,
            3.46875,
            4.125
          ],
          "texture": "#2"
        },
        "up": {
          "uv": [
            4.78125,
            2.34375,
            4.75,
            2.25
          ],
          "texture": "#2"
        },
        "down": {
          "uv": [
            4.78125,
            2.5,
            4.75,
            2.59375
          ],
          "texture": "#2"
        }
      }
    },
    {
      "from": [
        8.56549,
        -6.48833,
        7.625
      ],
      "to": [
        8.81549,
        -5.48833,
        8.375
      ],
      "rotation": {
        "angle": -22.5,
        "axis": "z",
        "origin": [
          8,
          -5.82612,
          8
        ]
      },
      "faces": {
        "north": {
          "uv": [
            3.875,
            4.5,
            3.90625,
            4.625
          ],
          "texture": "#2"
        },
        "east": {
          "uv": [
            4,
            2.75,
            4.09375,
            2.875
          ],
          "texture": "#2"
        },
        "south": {
          "uv": [
            4.5,
            4,
            4.53125,
            4.125
          ],
          "texture": "#2"
        },
        "west": {
          "uv": [
            4,
            3,
            4.09375,
            3.125
          ],
          "texture": "#2"
        },
        "up": {
          "uv": [
            4.78125,
            2.09375,
            4.75,
            2
          ],
          "texture": "#2"
        },
        "down": {
          "uv": [
            2.28125,
            4.75,
            2.25,
            4.84375
          ],
          "texture": "#2"
        }
      }
    },
    {
      "from": [
        7.18451,
        -6.16391,
        7.625
      ],
      "to": [
        7.43451,
        -5.16391,
        8.375
      ],
      "rotation": {
        "angle": -22.5,
        "axis": "z",
        "origin": [
          8,
          -5.82612,
          8
        ]
      },
      "faces": {
        "north": {
          "uv": [
            4.5,
            3.5,
            4.53125,
            3.625
          ],
          "texture": "#2"
        },
        "east": {
          "uv": [
            4,
            2.25,
            4.09375,
            2.375
          ],
          "texture": "#2"
        },
        "south": {
          "uv": [
            4.5,
            3.75,
            4.53125,
            3.875
          ],
          "texture": "#2"
        },
        "west": {
          "uv": [
            4,
            2.5,
            4.09375,
            2.625
          ],
          "texture": "#2"
        },
        "up": {
          "uv": [
            4.78125,
            1.84375,
            4.75,
            1.75
          ],
          "texture": "#2"
        },
        "down": {
          "uv": [
            2.03125,
            4.75,
            2,
            4.84375
          ],
          "texture": "#2"
        }
      }
    },
    {
      "from": [
        7.18451,
        -6.48833,
        7.625
      ],
      "to": [
        7.43451,
        -5.48833,
        8.375
      ],
      "rotation": {
        "angle": 22.5,
        "axis": "z",
        "origin": [
          8,
          -5.82612,
          8
        ]
      },
      "faces": {
        "north": {
          "uv": [
            3.25,
            4.5,
            3.28125,
            4.625
          ],
          "texture": "#2"
        },
        "east": {
          "uv": [
            4,
            2,
            4.09375,
            2.125
          ],
          "texture": "#2"
        },
        "south": {
          "uv": [
            4.5,
            3.25,
            4.53125,
            3.375
          ],
          "texture": "#2"
        },
        "west": {
          "uv": [
            2.25,
            4,
            2.34375,
            4.125
          ],
          "texture": "#2"
        },
        "up": {
          "uv": [
            4.78125,
            1.59375,
            4.75,
            1.5
          ],
          "texture": "#2"
        },
        "down": {
          "uv": [
            1.78125,
            4.75,
            1.75,
            4.84375
          ],
          "texture": "#2"
        }
      }
    },
    {
      "name": "CvCC",
      "from": [
        7,
        1.2,
        7.5
      ],
      "to": [
        7.5,
        3.2,
        8.5
      ],
      "rotation": {
        "angle": 0,
        "axis": "y",
        "origin": [
          7,
          1.2,
          7
        ]
      },
      "faces": {
        "north": {
          "uv": [
            3.5,
            2.625,
            3.5625,
            2.875
          ],
          "texture": "#2"
        },
        "east": {
          "uv": [
            1.5,
            2,
            1.625,
            2.25
          ],
          "texture": "#2"
        },
        "south": {
          "uv": [
            3.5,
            3,
            3.5625,
            3.25
          ],
          "texture": "#2"
        },
        "west": {
          "uv": [
            1.75,
            2,
            1.875,
            2.25
          ],
          "texture": "#2"
        },
        "up": {
          "uv": [
            4.3125,
            3.875,
            4.25,
            3.75
          ],
          "texture": "#2"
        },
        "down": {
          "uv": [
            3.9375,
            4.25,
            3.875,
            4.375
          ],
          "texture": "#2"
        }
      }
    },
    {
      "name": "CvCC",
      "from": [
        8.5,
        1.2,
        7.5
      ],
      "to": [
        9,
        3.2,
        8.5
      ],
      "rotation": {
        "angle": 0,
        "axis": "y",
        "origin": [
          9,
          1.2,
          7
        ]
      },
      "faces": {
        "north": {
          "uv": [
            3.25,
            3.5,
            3.3125,
            3.75
          ],
          "texture": "#2"
        },
        "east": {
          "uv": [
            2,
            1.75,
            2.125,
            2
          ],
          "texture": "#2"
        },
        "south": {
          "uv": [
            3.5,
            3.375,
            3.5625,
            3.625
          ],
          "texture": "#2"
        },
        "west": {
          "uv": [
            2.125,
            0,
            2.25,
            0.25
          ],
          "texture": "#2"
        },
        "up": {
          "uv": [
            4.3125,
            4.125,
            4.25,
            4
          ],
          "texture": "#2"
        },
        "down": {
          "uv": [
            4.1875,
            4.25,
            4.125,
            4.375
          ],
          "texture": "#2"
        }
      }
    }
  ],
  "display": {
    "thirdperson_righthand": {
      "translation": [
        0,
        8,
        1.25
      ]
    },
    "thirdperson_lefthand": {
      "translation": [
        0,
        8,
        1.25
      ]
    },
    "firstperson_righthand": {
      "rotation": [
        0,
        7.75,
        0
      ],
      "translation": [
        0.5,
        4.25,
        0
      ],
      "scale": [
        0.5332,
        0.5332,
        0.5332
      ]
    },
    "firstperson_lefthand": {
      "rotation": [
        0,
        7.75,
        0
      ],
      "translation": [
        0.5,
        4.25,
        0
      ],
      "scale": [
        0.5332,
        0.5332,
        0.5332
      ]
    },
    "ground": {
      "rotation": [
        -45,
        0,
        0
      ],
      "translation": [
        0,
        1.5,
        0
      ],
      "scale": [
        0.34961,
        0.34961,
        0.34961
      ]
    },
    "gui": {
      "rotation": [
        90,
        45,
        -90
      ],
      "translation": [
        -1.5,
        -1.5,
        0
      ],
      "scale": [
        0.55078,
        0.55078,
        0.55078
      ]
    },
    "fixed": {
      "rotation": [
        -90,
        45,
        90
      ],
      "translation": [
        2,
        -2,
        0
      ],
      "scale": [
        0.70898,
        0.70898,
        0.70898
      ]
    }
  }
}